Neighborhood,Year,Latitude,Longitude,Zillow_Value,Future_Prediction,Keras_Prediction,Missing_Forecast
Athmar Park,2000,39.7036815,-105.0107412,137236.33110500852,,,True
Athmar Park,2001,39.7036815,-105.0107412,156998.34095533282,,,True
Athmar Park,2002,39.7036815,-105.0107412,169528.6848835372,,,True
Athmar Park,2003,39.7036815,-105.0107412,172385.8406069617,,,True
Athmar Park,2004,39.7036815,-105.0107412,174401.54517252676,,,True
Athmar Park,2005,39.7036815,-105.0107412,175950.88676593456,,,True
Athmar Park,2006,39.7036815,-105.0107412,175688.35818370772,,,True
Athmar Park,2007,39.7036815,-105.0107412,166058.88626471444,,,True
Athmar Park,2008,39.7036815,-105.0107412,141743.21731565273,,,True
Athmar Park,2009,39.7036815,-105.0107412,128796.01785256261,,,True
Athmar Park,2010,39.7036815,-105.0107412,131171.22820325763,,,True
Athmar Park,2011,39.7036815,-105.0107412,120361.68476919834,,,True
Athmar Park,2012,39.7036815,-105.0107412,126091.85731922249,,,True
Athmar Park,2013,39.7036815,-105.0107412,150476.25148924356,,,True
Athmar Park,2014,39.7036815,-105.0107412,176080.22591279793,,,True
Athmar Park,2015,39.7036815,-105.0107412,216722.62387676828,,,True
Athmar Park,2016,39.7036815,-105.0107412,258098.86782619532,,,True
Athmar Park,2017,39.7036815,-105.0107412,289032.11875130475,,,True
Athmar Park,2018,39.7036815,-105.0107412,322209.35779828415,,,True
Athmar Park,2019,39.7036815,-105.0107412,343361.17786318815,,,True
Athmar Park,2020,39.7036815,-105.0107412,365343.116604151,,,True
Athmar Park,2021,39.7036815,-105.0107412,418571.788947224,,,True
Athmar Park,2022,39.7036815,-105.0107412,467774.4095286296,,,True
Athmar Park,2023,39.7036815,-105.0107412,457093.3263364501,,,True
Athmar Park,2024,39.7036815,-105.0107412,458700.1543308485,488331.0,457937.0,False
Athmar Park,2025,39.7036815,-105.0107412,455667.3713175665,524554.0,477776.0,False
Athmar Park,2026,39.7036815,-105.0107412,,563510.0,500337.0,False
Athmar Park,2027,39.7036815,-105.0107412,,603426.0,525098.0,False
Athmar Park,2028,39.7036815,-105.0107412,,643941.0,552634.0,False
Athmar Park,2029,39.7036815,-105.0107412,,684870.0,581765.0,False
Athmar Park,2030,39.7036815,-105.0107412,,726014.0,613133.0,False
Athmar Park,2031,39.7036815,-105.0107412,,767441.0,646544.0,False
Athmar Park,2032,39.7036815,-105.0107412,,809096.0,681381.0,False
Athmar Park,2033,39.7036815,-105.0107412,,850998.0,717074.0,False
Athmar Park,2034,39.7036815,-105.0107412,,893033.0,753075.0,False
Athmar Park,2035,39.7036815,-105.0107412,,935067.0,789076.0,False
Auraria,2000,39.7465219,-105.0067102,,,,True
Auraria,2001,39.7465219,-105.0067102,,,,True
Auraria,2002,39.7465219,-105.0067102,,,,True
Auraria,2003,39.7465219,-105.0067102,,,,True
Auraria,2004,39.7465219,-105.0067102,,,,True
Auraria,2005,39.7465219,-105.0067102,,,,True
Auraria,2006,39.7465219,-105.0067102,,,,True
Auraria,2007,39.7465219,-105.0067102,,,,True
Auraria,2008,39.7465219,-105.0067102,537171.4506840955,,,True
Auraria,2009,39.7465219,-105.0067102,531076.9798420612,,,True
Auraria,2010,39.7465219,-105.0067102,503115.9369174524,,,True
Auraria,2011,39.7465219,-105.0067102,471470.68660012376,,,True
Auraria,2012,39.7465219,-105.0067102,476937.9399587543,,,True
Auraria,2013,39.7465219,-105.0067102,510727.0838004336,,,True
Auraria,2014,39.7465219,-105.0067102,546753.5538795745,,,True
Auraria,2015,39.7465219,-105.0067102,599269.6767643777,,,True
Auraria,2016,39.7465219,-105.0067102,630067.7647961713,,,True
Auraria,2017,39.7465219,-105.0067102,651585.9774600532,,,True
Auraria,2018,39.7465219,-105.0067102,701125.0002271039,,,True
Auraria,2019,39.7465219,-105.0067102,730787.8581448329,,,True
Auraria,2020,39.7465219,-105.0067102,779894.5232179941,,,True
Auraria,2021,39.7465219,-105.0067102,814777.5662073396,,,True
Auraria,2022,39.7465219,-105.0067102,879047.4625107386,,,True
Auraria,2023,39.7465219,-105.0067102,842225.1296025786,,,True
Auraria,2024,39.7465219,-105.0067102,805855.5797880191,853598.0,813882.0,False
Auraria,2025,39.7465219,-105.0067102,772870.0011080513,883637.0,833577.0,False
Auraria,2026,39.7465219,-105.0067102,,918347.0,853272.0,False
Auraria,2027,39.7465219,-105.0067102,,956005.0,873218.0,False
Auraria,2028,39.7465219,-105.0067102,,993693.0,893602.0,False
Auraria,2029,39.7465219,-105.0067102,,1031696.0,914911.0,False
Auraria,2030,39.7465219,-105.0067102,,1070519.0,937598.0,False
Auraria,2031,39.7465219,-105.0067102,,1109341.0,961664.0,False
Auraria,2032,39.7465219,-105.0067102,,1148658.0,986583.0,False
Auraria,2033,39.7465219,-105.0067102,,1188075.0,1012299.0,False
Auraria,2034,39.7465219,-105.0067102,,1227724.0,1039499.0,False
Auraria,2035,39.7465219,-105.0067102,,1267696.0,1068592.0,False
Baker,2000,39.7115945,-104.9938414,171430.1460824946,,,True
Baker,2001,39.7115945,-104.9938414,200279.75501395765,,,True
Baker,2002,39.7115945,-104.9938414,212793.66251535993,,,True
Baker,2003,39.7115945,-104.9938414,216650.36382712668,,,True
Baker,2004,39.7115945,-104.9938414,224275.2921967342,,,True
Baker,2005,39.7115945,-104.9938414,234807.0079864924,,,True
Baker,2006,39.7115945,-104.9938414,242739.5157390517,,,True
Baker,2007,39.7115945,-104.9938414,248862.07763214162,,,True
Baker,2008,39.7115945,-104.9938414,242131.3130021364,,,True
Baker,2009,39.7115945,-104.9938414,241552.5704216752,,,True
Baker,2010,39.7115945,-104.9938414,249172.0552834201,,,True
Baker,2011,39.7115945,-104.9938414,243218.41898278112,,,True
Baker,2012,39.7115945,-104.9938414,250537.54427091588,,,True
Baker,2013,39.7115945,-104.9938414,280788.9270936994,,,True
Baker,2014,39.7115945,-104.9938414,312260.40642228426,,,True
Baker,2015,39.7115945,-104.9938414,366594.3208559037,,,True
Baker,2016,39.7115945,-104.9938414,405161.77141661866,,,True
Baker,2017,39.7115945,-104.9938414,438089.9024570089,,,True
Baker,2018,39.7115945,-104.9938414,471168.24101118324,,,True
Baker,2019,39.7115945,-104.9938414,493406.22445392003,,,True
Baker,2020,39.7115945,-104.9938414,520914.12476850994,,,True
Baker,2021,39.7115945,-104.9938414,575182.5014364453,,,True
Baker,2022,39.7115945,-104.9938414,642211.1079429447,,,True
Baker,2023,39.7115945,-104.9938414,612836.7420022313,,,True
Baker,2024,39.7115945,-104.9938414,596943.124660151,653785.0,564072.0,False
Baker,2025,39.7115945,-104.9938414,589649.1503758276,691604.0,584232.0,False
Baker,2026,39.7115945,-104.9938414,,731145.0,605965.0,False
Baker,2027,39.7115945,-104.9938414,,771340.0,629174.0,False
Baker,2028,39.7115945,-104.9938414,,811820.0,654264.0,False
Baker,2029,39.7115945,-104.9938414,,852392.0,680893.0,False
Baker,2030,39.7115945,-104.9938414,,892964.0,710121.0,False
Baker,2031,39.7115945,-104.9938414,,933726.0,742058.0,False
Baker,2032,39.7115945,-104.9938414,,974782.0,775947.0,False
Baker,2033,39.7115945,-104.9938414,,1015838.0,810877.0,False
Baker,2034,39.7115945,-104.9938414,,1056986.0,846757.0,False
Baker,2035,39.7115945,-104.9938414,,1098417.0,882758.0,False
Barnum,2000,39.717683,-105.0324553,119179.38046762568,,,True
Barnum,2001,39.717683,-105.0324553,138210.36613564243,,,True
Barnum,2002,39.717683,-105.0324553,149519.85320392673,,,True
Barnum,2003,39.717683,-105.0324553,151178.1273803033,,,True
Barnum,2004,39.717683,-105.0324553,151212.1800549876,,,True
Barnum,2005,39.717683,-105.0324553,152195.7113273367,,,True
Barnum,2006,39.717683,-105.0324553,149188.26234530943,,,True
Barnum,2007,39.717683,-105.0324553,138468.88883587855,,,True
Barnum,2008,39.717683,-105.0324553,109925.09974358551,,,True
Barnum,2009,39.717683,-105.0324553,101347.36426531506,,,True
Barnum,2010,39.717683,-105.0324553,105190.96462214143,,,True
Barnum,2011,39.717683,-105.0324553,100515.3746240372,,,True
Barnum,2012,39.717683,-105.0324553,108760.18545631756,,,True
Barnum,2013,39.717683,-105.0324553,130762.05486677198,,,True
Barnum,2014,39.717683,-105.0324553,150667.71754486734,,,True
Barnum,2015,39.717683,-105.0324553,185421.94751298,,,True
Barnum,2016,39.717683,-105.0324553,224959.94739297227,,,True
Barnum,2017,39.717683,-105.0324553,260537.96312232062,,,True
Barnum,2018,39.717683,-105.0324553,291005.42106261087,,,True
Barnum,2019,39.717683,-105.0324553,310370.5345374692,,,True
Barnum,2020,39.717683,-105.0324553,332102.20885357214,,,True
Barnum,2021,39.717683,-105.0324553,377281.1841509815,,,True
Barnum,2022,39.717683,-105.0324553,424531.60452719894,,,True
Barnum,2023,39.717683,-105.0324553,415034.13487902493,,,True
Barnum,2024,39.717683,-105.0324553,416592.4345010169,455666.0,406393.0,False
Barnum,2025,39.717683,-105.0324553,417307.3079886914,492810.0,425219.0,False
Barnum,2026,39.717683,-105.0324553,,531792.0,445583.0,False
Barnum,2027,39.717683,-105.0324553,,571390.0,467309.0,False
Barnum,2028,39.717683,-105.0324553,,611354.0,492027.0,False
Barnum,2029,39.717683,-105.0324553,,652192.0,518698.0,False
Barnum,2030,39.717683,-105.0324553,,693431.0,547393.0,False
Barnum,2031,39.717683,-105.0324553,,734789.0,579306.0,False
Barnum,2032,39.717683,-105.0324553,,776270.0,613061.0,False
Barnum,2033,39.717683,-105.0324553,,817857.0,648791.0,False
Barnum,2034,39.717683,-105.0324553,,859705.0,684791.0,False
Barnum,2035,39.717683,-105.0324553,,901707.0,720792.0,False
Barnum West,2000,39.7171551,-105.0464972,113338.25777331862,,,True
Barnum West,2001,39.7171551,-105.0464972,131152.6068645669,,,True
Barnum West,2002,39.7171551,-105.0464972,141186.09461755978,,,True
Barnum West,2003,39.7171551,-105.0464972,142782.60206433895,,,True
Barnum West,2004,39.7171551,-105.0464972,144280.4652125961,,,True
Barnum West,2005,39.7171551,-105.0464972,144589.1945302664,,,True
Barnum West,2006,39.7171551,-105.0464972,140357.71950352637,,,True
Barnum West,2007,39.7171551,-105.0464972,135164.2592855776,,,True
Barnum West,2008,39.7171551,-105.0464972,121875.95728164817,,,True
Barnum West,2009,39.7171551,-105.0464972,112163.50473555247,,,True
Barnum West,2010,39.7171551,-105.0464972,114433.29417166386,,,True
Barnum West,2011,39.7171551,-105.0464972,107006.17690770664,,,True
Barnum West,2012,39.7171551,-105.0464972,117058.99065993475,,,True
Barnum West,2013,39.7171551,-105.0464972,137767.16008795946,,,True
Barnum West,2014,39.7171551,-105.0464972,158649.48975558617,,,True
Barnum West,2015,39.7171551,-105.0464972,193792.37829201188,,,True
Barnum West,2016,39.7171551,-105.0464972,231483.3385303806,,,True
Barnum West,2017,39.7171551,-105.0464972,263813.14475347474,,,True
Barnum West,2018,39.7171551,-105.0464972,293683.6914097268,,,True
Barnum West,2019,39.7171551,-105.0464972,312325.2497725869,,,True
Barnum West,2020,39.7171551,-105.0464972,337119.13045290066,,,True
Barnum West,2021,39.7171551,-105.0464972,385290.72451942175,,,True
Barnum West,2022,39.7171551,-105.0464972,432957.685542214,,,True
Barnum West,2023,39.7171551,-105.0464972,426375.8995852189,,,True
Barnum West,2024,39.7171551,-105.0464972,428568.8272909886,470442.0,426961.0,False
Barnum West,2025,39.7171551,-105.0464972,425433.64150483115,507395.0,452161.0,False
Barnum West,2026,39.7171551,-105.0464972,,546359.0,479700.0,False
Barnum West,2027,39.7171551,-105.0464972,,586203.0,510673.0,False
Barnum West,2028,39.7171551,-105.0464972,,626267.0,544268.0,False
Barnum West,2029,39.7171551,-105.0464972,,666534.0,578978.0,False
Barnum West,2030,39.7171551,-105.0464972,,706801.0,614968.0,False
Barnum West,2031,39.7171551,-105.0464972,,747112.0,650969.0,False
Barnum West,2032,39.7171551,-105.0464972,,787865.0,686970.0,False
Barnum West,2033,39.7171551,-105.0464972,,828806.0,722970.0,False
Barnum West,2034,39.7171551,-105.0464972,,870061.0,758971.0,False
Barnum West,2035,39.7171551,-105.0464972,,911466.0,794972.0,False
Belcaro,2000,39.7011372,-104.9476043,469081.09336187755,,,True
Belcaro,2001,39.7011372,-104.9476043,530963.577990509,,,True
Belcaro,2002,39.7011372,-104.9476043,561943.3668378327,,,True
Belcaro,2003,39.7011372,-104.9476043,563408.2573861529,,,True
Belcaro,2004,39.7011372,-104.9476043,577894.0466691622,,,True
Belcaro,2005,39.7011372,-104.9476043,603245.792635122,,,True
Belcaro,2006,39.7011372,-104.9476043,633127.1303100708,,,True
Belcaro,2007,39.7011372,-104.9476043,649263.8646555861,,,True
Belcaro,2008,39.7011372,-104.9476043,633620.3701628482,,,True
Belcaro,2009,39.7011372,-104.9476043,609302.4066875529,,,True
Belcaro,2010,39.7011372,-104.9476043,588960.6775228996,,,True
Belcaro,2011,39.7011372,-104.9476043,560324.0017495101,,,True
Belcaro,2012,39.7011372,-104.9476043,576672.5616159874,,,True
Belcaro,2013,39.7011372,-104.9476043,642266.419787626,,,True
Belcaro,2014,39.7011372,-104.9476043,703093.5772834575,,,True
Belcaro,2015,39.7011372,-104.9476043,765951.9195752366,,,True
Belcaro,2016,39.7011372,-104.9476043,814075.1773587796,,,True
Belcaro,2017,39.7011372,-104.9476043,865382.0744575923,,,True
Belcaro,2018,39.7011372,-104.9476043,929906.7204107972,,,True
Belcaro,2019,39.7011372,-104.9476043,995816.6091907732,,,True
Belcaro,2020,39.7011372,-104.9476043,1058762.306189569,,,True
Belcaro,2021,39.7011372,-104.9476043,1177150.637993524,,,True
Belcaro,2022,39.7011372,-104.9476043,1393228.5815298765,,,True
Belcaro,2023,39.7011372,-104.9476043,1396235.78057303,,,True
Belcaro,2024,39.7011372,-104.9476043,1409263.5842513498,1232917.0,1063045.0,False
Belcaro,2025,39.7011372,-104.9476043,1424640.456859943,1275409.0,1086928.0,False
Belcaro,2026,39.7011372,-104.9476043,,1317901.0,1111618.0,False
Belcaro,2027,39.7011372,-104.9476043,,1360393.0,1138499.0,False
Belcaro,2028,39.7011372,-104.9476043,,1402885.0,1167467.0,False
Belcaro,2029,39.7011372,-104.9476043,,1445377.0,1197728.0,False
Belcaro,2030,39.7011372,-104.9476043,,1487869.0,1228839.0,False
Belcaro,2031,39.7011372,-104.9476043,,1530361.0,1262065.0,False
Belcaro,2032,39.7011372,-104.9476043,,1572853.0,1297132.0,False
Belcaro,2033,39.7011372,-104.9476043,,1615345.0,1332710.0,False
Belcaro,2034,39.7011372,-104.9476043,,1657837.0,1368531.0,False
Belcaro,2035,39.7011372,-104.9476043,,1700329.0,1404532.0,False
Berkeley,2000,39.7752306,-105.0392611,196075.15497512076,,,True
Berkeley,2001,39.7752306,-105.0392611,224103.79612936,,,True
Berkeley,2002,39.7752306,-105.0392611,239583.75161753446,,,True
Berkeley,2003,39.7752306,-105.0392611,245010.68344802127,,,True
Berkeley,2004,39.7752306,-105.0392611,252998.613038691,,,True
Berkeley,2005,39.7752306,-105.0392611,268583.99436681456,,,True
Berkeley,2006,39.7752306,-105.0392611,282936.84880396735,,,True
Berkeley,2007,39.7752306,-105.0392611,287811.340033758,,,True
Berkeley,2008,39.7752306,-105.0392611,287789.2742577819,,,True
Berkeley,2009,39.7752306,-105.0392611,289107.85328303627,,,True
Berkeley,2010,39.7752306,-105.0392611,292802.85739816265,,,True
Berkeley,2011,39.7752306,-105.0392611,290890.20950680436,,,True
Berkeley,2012,39.7752306,-105.0392611,305320.936663632,,,True
Berkeley,2013,39.7752306,-105.0392611,344966.68367185147,,,True
Berkeley,2014,39.7752306,-105.0392611,377195.34199478355,,,True
Berkeley,2015,39.7752306,-105.0392611,428672.7089451894,,,True
Berkeley,2016,39.7752306,-105.0392611,473924.62279464287,,,True
Berkeley,2017,39.7752306,-105.0392611,507655.6651992612,,,True
Berkeley,2018,39.7752306,-105.0392611,546790.7671118822,,,True
Berkeley,2019,39.7752306,-105.0392611,571397.0739791875,,,True
Berkeley,2020,39.7752306,-105.0392611,603093.1502781863,,,True
Berkeley,2021,39.7752306,-105.0392611,682921.282788997,,,True
Berkeley,2022,39.7752306,-105.0392611,778470.6047618078,,,True
Berkeley,2023,39.7752306,-105.0392611,761263.8733231253,,,True
Berkeley,2024,39.7752306,-105.0392611,764593.0627964782,751249.0,654900.0,False
Berkeley,2025,39.7752306,-105.0392611,763741.4787468555,789730.0,676962.0,False
Berkeley,2026,39.7752306,-105.0392611,,829452.0,700406.0,False
Berkeley,2027,39.7752306,-105.0392611,,869444.0,725545.0,False
Berkeley,2028,39.7752306,-105.0392611,,909638.0,752242.0,False
Berkeley,2029,39.7752306,-105.0392611,,949970.0,780432.0,False
Berkeley,2030,39.7752306,-105.0392611,,990309.0,810227.0,False
Berkeley,2031,39.7752306,-105.0392611,,1030885.0,841587.0,False
Berkeley,2032,39.7752306,-105.0392611,,1071586.0,875336.0,False
Berkeley,2033,39.7752306,-105.0392611,,1112369.0,910457.0,False
Berkeley,2034,39.7752306,-105.0392611,,1153385.0,945635.0,False
Berkeley,2035,39.7752306,-105.0392611,,1194401.0,980940.0,False
Berkley,2000,39.8103987,-105.0334804,,,,True
Berkley,2001,39.8103987,-105.0334804,,,,True
Berkley,2002,39.8103987,-105.0334804,,,,True
Berkley,2003,39.8103987,-105.0334804,,,,True
Berkley,2004,39.8103987,-105.0334804,,,,True
Berkley,2005,39.8103987,-105.0334804,,,,True
Berkley,2006,39.8103987,-105.0334804,,,,True
Berkley,2007,39.8103987,-105.0334804,,,,True
Berkley,2008,39.8103987,-105.0334804,,,,True
Berkley,2009,39.8103987,-105.0334804,,,,True
Berkley,2010,39.8103987,-105.0334804,,,,True
Berkley,2011,39.8103987,-105.0334804,,,,True
Berkley,2012,39.8103987,-105.0334804,,,,True
Berkley,2013,39.8103987,-105.0334804,,,,True
Berkley,2014,39.8103987,-105.0334804,,,,True
Berkley,2015,39.8103987,-105.0334804,,,,True
Berkley,2016,39.8103987,-105.0334804,258203.5722830278,,,True
Berkley,2017,39.8103987,-105.0334804,292019.9510094389,,,True
Berkley,2018,39.8103987,-105.0334804,327126.6427386507,,,True
Berkley,2019,39.8103987,-105.0334804,350062.36571103847,,,True
Berkley,2020,39.8103987,-105.0334804,376433.066538278,,,True
Berkley,2021,39.8103987,-105.0334804,431389.81273721653,,,True
Berkley,2022,39.8103987,-105.0334804,494596.5209824436,,,True
Berkley,2023,39.8103987,-105.0334804,485469.3519639754,,,True
Berkley,2024,39.8103987,-105.0334804,489168.466824363,502125.0,449288.0,False
Berkley,2025,39.8103987,-105.0334804,483544.43358628335,535528.0,468579.0,False
Berkley,2026,39.8103987,-105.0334804,,570633.0,487871.0,False
Berkley,2027,39.8103987,-105.0334804,,607233.0,507163.0,False
Berkley,2028,39.8103987,-105.0334804,,644349.0,526455.0,False
Berkley,2029,39.8103987,-105.0334804,,681507.0,545747.0,False
Berkley,2030,39.8103987,-105.0334804,,718664.0,565039.0,False
Berkley,2031,39.8103987,-105.0334804,,755882.0,584330.0,False
Berkley,2032,39.8103987,-105.0334804,,793956.0,603885.0,False
Berkley,2033,39.8103987,-105.0334804,,832326.0,623557.0,False
Berkley,2034,39.8103987,-105.0334804,,871321.0,643230.0,False
Berkley,2035,39.8103987,-105.0334804,,910657.0,663206.0,False
Capitol Hill,2000,39.7358754,-104.9799213,136333.2672679747,,,True
Capitol Hill,2001,39.7358754,-104.9799213,159879.90496218068,,,True
Capitol Hill,2002,39.7358754,-104.9799213,170697.67724322216,,,True
Capitol Hill,2003,39.7358754,-104.9799213,170641.24831733675,,,True
Capitol Hill,2004,39.7358754,-104.9799213,174425.44653684672,,,True
Capitol Hill,2005,39.7358754,-104.9799213,179120.51959281,,,True
Capitol Hill,2006,39.7358754,-104.9799213,181560.47015715597,,,True
Capitol Hill,2007,39.7358754,-104.9799213,181074.71390728056,,,True
Capitol Hill,2008,39.7358754,-104.9799213,174348.7811411546,,,True
Capitol Hill,2009,39.7358754,-104.9799213,169730.82944953843,,,True
Capitol Hill,2010,39.7358754,-104.9799213,167155.64266935628,,,True
Capitol Hill,2011,39.7358754,-104.9799213,156013.86918901067,,,True
Capitol Hill,2012,39.7358754,-104.9799213,157010.0117383389,,,True
Capitol Hill,2013,39.7358754,-104.9799213,173335.37173221074,,,True
Capitol Hill,2014,39.7358754,-104.9799213,193324.23807002683,,,True
Capitol Hill,2015,39.7358754,-104.9799213,225146.68333252743,,,True
Capitol Hill,2016,39.7358754,-104.9799213,257498.40585131245,,,True
Capitol Hill,2017,39.7358754,-104.9799213,283072.3018629629,,,True
Capitol Hill,2018,39.7358754,-104.9799213,303398.09426228603,,,True
Capitol Hill,2019,39.7358754,-104.9799213,305050.1484969359,,,True
Capitol Hill,2020,39.7358754,-104.9799213,306751.66802346526,,,True
Capitol Hill,2021,39.7358754,-104.9799213,329147.3115919053,,,True
Capitol Hill,2022,39.7358754,-104.9799213,360744.6154713332,,,True
Capitol Hill,2023,39.7358754,-104.9799213,354791.81067624735,,,True
Capitol Hill,2024,39.7358754,-104.9799213,343494.27255353815,361692.0,401582.0,False
Capitol Hill,2025,39.7358754,-104.9799213,330939.0910721206,382157.0,420883.0,False
Capitol Hill,2026,39.7358754,-104.9799213,,417436.0,441570.0,False
Capitol Hill,2027,39.7358754,-104.9799213,,456840.0,464008.0,False
Capitol Hill,2028,39.7358754,-104.9799213,,496352.0,488137.0,False
Capitol Hill,2029,39.7358754,-104.9799213,,535864.0,514198.0,False
Capitol Hill,2030,39.7358754,-104.9799213,,575693.0,541754.0,False
Capitol Hill,2031,39.7358754,-104.9799213,,615890.0,571742.0,False
Capitol Hill,2032,39.7358754,-104.9799213,,656489.0,604128.0,False
Capitol Hill,2033,39.7358754,-104.9799213,,697139.0,638236.0,False
Capitol Hill,2034,39.7358754,-104.9799213,,738085.0,673330.0,False
Capitol Hill,2035,39.7358754,-104.9799213,,779239.0,709073.0,False
Central Business District,2000,39.7473782,-104.9927414,226099.06566537556,,,True
Central Business District,2001,39.7473782,-104.9927414,253599.1231710416,,,True
Central Business District,2002,39.7473782,-104.9927414,266866.4527027747,,,True
Central Business District,2003,39.7473782,-104.9927414,264627.892819307,,,True
Central Business District,2004,39.7473782,-104.9927414,267786.3964646201,,,True
Central Business District,2005,39.7473782,-104.9927414,276867.0850976883,,,True
Central Business District,2006,39.7473782,-104.9927414,285796.0893208413,,,True
Central Business District,2007,39.7473782,-104.9927414,291526.2099207578,,,True
Central Business District,2008,39.7473782,-104.9927414,283207.5110296581,,,True
Central Business District,2009,39.7473782,-104.9927414,281828.16552022815,,,True
Central Business District,2010,39.7473782,-104.9927414,254903.54690938024,,,True
Central Business District,2011,39.7473782,-104.9927414,243117.47829821994,,,True
Central Business District,2012,39.7473782,-104.9927414,248895.53416993513,,,True
Central Business District,2013,39.7473782,-104.9927414,276044.30747446854,,,True
Central Business District,2014,39.7473782,-104.9927414,301674.188878543,,,True
Central Business District,2015,39.7473782,-104.9927414,343572.38065963733,,,True
Central Business District,2016,39.7473782,-104.9927414,373329.66294340667,,,True
Central Business District,2017,39.7473782,-104.9927414,391888.7950038141,,,True
Central Business District,2018,39.7473782,-104.9927414,407120.4564757759,,,True
Central Business District,2019,39.7473782,-104.9927414,408359.06867045147,,,True
Central Business District,2020,39.7473782,-104.9927414,405058.2862757575,,,True
Central Business District,2021,39.7473782,-104.9927414,419748.9988513086,,,True
Central Business District,2022,39.7473782,-104.9927414,447877.5235051308,,,True
Central Business District,2023,39.7473782,-104.9927414,435161.2282256608,,,True
Central Business District,2024,39.7473782,-104.9927414,423332.7305735287,444087.0,543383.0,False
Central Business District,2025,39.7473782,-104.9927414,407624.21036180283,460287.0,562094.0,False
Central Business District,2026,39.7473782,-104.9927414,,495332.0,585940.0,False
Central Business District,2027,39.7473782,-104.9927414,,536007.0,612018.0,False
Central Business District,2028,39.7473782,-104.9927414,,577595.0,640551.0,False
Central Business District,2029,39.7473782,-104.9927414,,619425.0,671739.0,False
Central Business District,2030,39.7473782,-104.9927414,,661318.0,705027.0,False
Central Business District,2031,39.7473782,-104.9927414,,702871.0,740224.0,False
Central Business District,2032,39.7473782,-104.9927414,,744556.0,776093.0,False
Central Business District,2033,39.7473782,-104.9927414,,786294.0,812094.0,False
Central Business District,2034,39.7473782,-104.9927414,,828235.0,848094.0,False
Central Business District,2035,39.7473782,-104.9927414,,870318.0,884095.0,False
Central Park,2000,39.7706387,-104.8916194,,,,True
Central Park,2001,39.7706387,-104.8916194,,,,True
Central Park,2002,39.7706387,-104.8916194,,,,True
Central Park,2003,39.7706387,-104.8916194,,,,True
Central Park,2004,39.7706387,-104.8916194,,,,True
Central Park,2005,39.7706387,-104.8916194,,,,True
Central Park,2006,39.7706387,-104.8916194,,,,True
Central Park,2007,39.7706387,-104.8916194,459555.551602776,,,True
Central Park,2008,39.7706387,-104.8916194,437724.5454802795,,,True
Central Park,2009,39.7706387,-104.8916194,416754.6328394326,,,True
Central Park,2010,39.7706387,-104.8916194,394592.94937612157,,,True
Central Park,2011,39.7706387,-104.8916194,372713.3218689125,,,True
Central Park,2012,39.7706387,-104.8916194,390845.34684548975,,,True
Central Park,2013,39.7706387,-104.8916194,432610.6387901194,,,True
Central Park,2014,39.7706387,-104.8916194,462767.0703633439,,,True
Central Park,2015,39.7706387,-104.8916194,497324.0780626366,,,True
Central Park,2016,39.7706387,-104.8916194,535333.096174804,,,True
Central Park,2017,39.7706387,-104.8916194,564480.5196527605,,,True
Central Park,2018,39.7706387,-104.8916194,593225.7454924632,,,True
Central Park,2019,39.7706387,-104.8916194,613375.730508343,,,True
Central Park,2020,39.7706387,-104.8916194,635233.0327995882,,,True
Central Park,2021,39.7706387,-104.8916194,713475.2416921806,,,True
Central Park,2022,39.7706387,-104.8916194,824963.4880188047,,,True
Central Park,2023,39.7706387,-104.8916194,814625.3672236037,,,True
Central Park,2024,39.7706387,-104.8916194,805134.5481459723,800771.0,664096.0,False
Central Park,2025,39.7706387,-104.8916194,796297.490511527,836916.0,682630.0,False
Central Park,2026,39.7706387,-104.8916194,,874380.0,701164.0,False
Central Park,2027,39.7706387,-104.8916194,,912448.0,719698.0,False
Central Park,2028,39.7706387,-104.8916194,,950516.0,738609.0,False
Central Park,2029,39.7706387,-104.8916194,,988584.0,758508.0,False
Central Park,2030,39.7706387,-104.8916194,,1026902.0,779344.0,False
Central Park,2031,39.7706387,-104.8916194,,1065765.0,801664.0,False
Central Park,2032,39.7706387,-104.8916194,,1104786.0,825361.0,False
Central Park,2033,39.7706387,-104.8916194,,1144046.0,850368.0,False
Central Park,2034,39.7706387,-104.8916194,,1183558.0,876064.0,False
Central Park,2035,39.7706387,-104.8916194,,1223359.0,902683.0,False
Chaffee Park,2000,39.787909,-105.0109935,111136.8096907155,,,True
Chaffee Park,2001,39.787909,-105.0109935,129619.6995085483,,,True
Chaffee Park,2002,39.787909,-105.0109935,138904.4047696365,,,True
Chaffee Park,2003,39.787909,-105.0109935,141433.3888754902,,,True
Chaffee Park,2004,39.787909,-105.0109935,144741.59243298016,,,True
Chaffee Park,2005,39.787909,-105.0109935,146621.12425193432,,,True
Chaffee Park,2006,39.787909,-105.0109935,143183.41443618786,,,True
Chaffee Park,2007,39.787909,-105.0109935,140550.35859500716,,,True
Chaffee Park,2008,39.787909,-105.0109935,130497.93758654555,,,True
Chaffee Park,2009,39.787909,-105.0109935,134938.34376255012,,,True
Chaffee Park,2010,39.787909,-105.0109935,141124.95743179563,,,True
Chaffee Park,2011,39.787909,-105.0109935,134993.9953863638,,,True
Chaffee Park,2012,39.787909,-105.0109935,146361.12096513057,,,True
Chaffee Park,2013,39.787909,-105.0109935,174693.283297859,,,True
Chaffee Park,2014,39.787909,-105.0109935,200734.65690059811,,,True
Chaffee Park,2015,39.787909,-105.0109935,247470.03745792867,,,True
Chaffee Park,2016,39.787909,-105.0109935,285930.79474885046,,,True
Chaffee Park,2017,39.787909,-105.0109935,318710.9501211571,,,True
Chaffee Park,2018,39.787909,-105.0109935,348127.91927186697,,,True
Chaffee Park,2019,39.787909,-105.0109935,360257.99320790166,,,True
Chaffee Park,2020,39.787909,-105.0109935,376435.45969452057,,,True
Chaffee Park,2021,39.787909,-105.0109935,432076.2899711015,,,True
Chaffee Park,2022,39.787909,-105.0109935,488688.68762207916,,,True
Chaffee Park,2023,39.787909,-105.0109935,477336.7457121843,,,True
Chaffee Park,2024,39.787909,-105.0109935,479194.45380539657,522603.0,463506.0,False
Chaffee Park,2025,39.787909,-105.0109935,478183.552752936,560119.0,485027.0,False
Chaffee Park,2026,39.787909,-105.0109935,,599194.0,507639.0,False
Chaffee Park,2027,39.787909,-105.0109935,,638749.0,532054.0,False
Chaffee Park,2028,39.787909,-105.0109935,,678550.0,557651.0,False
Chaffee Park,2029,39.787909,-105.0109935,,718904.0,585497.0,False
Chaffee Park,2030,39.787909,-105.0109935,,759958.0,616052.0,False
Chaffee Park,2031,39.787909,-105.0109935,,801013.0,650219.0,False
Chaffee Park,2032,39.787909,-105.0109935,,842068.0,685521.0,False
Chaffee Park,2033,39.787909,-105.0109935,,883124.0,721077.0,False
Chaffee Park,2034,39.787909,-105.0109935,,924236.0,756823.0,False
Chaffee Park,2035,39.787909,-105.0109935,,965561.0,792672.0,False
Cheesman Park,2000,39.731979,-104.9664546,170249.15579235434,,,True
Cheesman Park,2001,39.731979,-104.9664546,199183.36636147086,,,True
Cheesman Park,2002,39.731979,-104.9664546,210329.88098835546,,,True
Cheesman Park,2003,39.731979,-104.9664546,208767.80077837908,,,True
Cheesman Park,2004,39.731979,-104.9664546,210903.7580404532,,,True
Cheesman Park,2005,39.731979,-104.9664546,215639.48164599945,,,True
Cheesman Park,2006,39.731979,-104.9664546,221800.01335497983,,,True
Cheesman Park,2007,39.731979,-104.9664546,222877.59015122268,,,True
Cheesman Park,2008,39.731979,-104.9664546,217240.5687916087,,,True
Cheesman Park,2009,39.731979,-104.9664546,213780.04318538893,,,True
Cheesman Park,2010,39.731979,-104.9664546,213219.9886672866,,,True
Cheesman Park,2011,39.731979,-104.9664546,199299.21071786378,,,True
Cheesman Park,2012,39.731979,-104.9664546,201125.13526820156,,,True
Cheesman Park,2013,39.731979,-104.9664546,225043.4370729069,,,True
Cheesman Park,2014,39.731979,-104.9664546,250573.87601786945,,,True
Cheesman Park,2015,39.731979,-104.9664546,288444.4814643908,,,True
Cheesman Park,2016,39.731979,-104.9664546,325535.30170048325,,,True
Cheesman Park,2017,39.731979,-104.9664546,352616.956964906,,,True
Cheesman Park,2018,39.731979,-104.9664546,376308.91815550905,,,True
Cheesman Park,2019,39.731979,-104.9664546,381931.95518600737,,,True
Cheesman Park,2020,39.731979,-104.9664546,386944.45612143516,,,True
Cheesman Park,2021,39.731979,-104.9664546,414914.6097281629,,,True
Cheesman Park,2022,39.731979,-104.9664546,456750.10808565,,,True
Cheesman Park,2023,39.731979,-104.9664546,438474.9888983755,,,True
Cheesman Park,2024,39.731979,-104.9664546,429538.5706418779,455976.0,482430.0,False
Cheesman Park,2025,39.731979,-104.9664546,417009.4556283698,481924.0,502167.0,False
Cheesman Park,2026,39.731979,-104.9664546,,519734.0,527424.0,False
Cheesman Park,2027,39.731979,-104.9664546,,560161.0,554703.0,False
Cheesman Park,2028,39.731979,-104.9664546,,600583.0,583598.0,False
Cheesman Park,2029,39.731979,-104.9664546,,641064.0,614204.0,False
Cheesman Park,2030,39.731979,-104.9664546,,681546.0,646778.0,False
Cheesman Park,2031,39.731979,-104.9664546,,722088.0,681022.0,False
Cheesman Park,2032,39.731979,-104.9664546,,762758.0,716437.0,False
Cheesman Park,2033,39.731979,-104.9664546,,803913.0,751870.0,False
Cheesman Park,2034,39.731979,-104.9664546,,845514.0,787434.0,False
Cheesman Park,2035,39.731979,-104.9664546,,887148.0,823395.0,False
City Park,2000,39.74734,-104.950285,244860.24435026778,,,True
City Park,2001,39.74734,-104.950285,281336.5936198528,,,True
City Park,2002,39.74734,-104.950285,301035.2889226082,,,True
City Park,2003,39.74734,-104.950285,301004.1611761486,,,True
City Park,2004,39.74734,-104.950285,317679.84219161636,,,True
City Park,2005,39.74734,-104.950285,331023.7546274378,,,True
City Park,2006,39.74734,-104.950285,351339.04857829417,,,True
City Park,2007,39.74734,-104.950285,354534.9140061179,,,True
City Park,2008,39.74734,-104.950285,352234.4857705846,,,True
City Park,2009,39.74734,-104.950285,347163.54742969235,,,True
City Park,2010,39.74734,-104.950285,345763.7625603396,,,True
City Park,2011,39.74734,-104.950285,329159.29067555565,,,True
City Park,2012,39.74734,-104.950285,335332.63641368184,,,True
City Park,2013,39.74734,-104.950285,374952.5354918777,,,True
City Park,2014,39.74734,-104.950285,410124.9762807795,,,True
City Park,2015,39.74734,-104.950285,460802.9249504099,,,True
City Park,2016,39.74734,-104.950285,501929.93503636896,,,True
City Park,2017,39.74734,-104.950285,541367.4851690197,,,True
City Park,2018,39.74734,-104.950285,583187.3658821598,,,True
City Park,2019,39.74734,-104.950285,602553.929283563,,,True
City Park,2020,39.74734,-104.950285,627957.031995789,,,True
City Park,2021,39.74734,-104.950285,699515.5274720847,,,True
City Park,2022,39.74734,-104.950285,780311.770984179,,,True
City Park,2023,39.74734,-104.950285,754516.3351900749,,,True
City Park,2024,39.74734,-104.950285,745134.7311898293,778015.0,722597.0,False
City Park,2025,39.74734,-104.950285,734070.4530718706,816898.0,746906.0,False
City Park,2026,39.74734,-104.950285,,856507.0,774104.0,False
City Park,2027,39.74734,-104.950285,,896151.0,803453.0,False
City Park,2028,39.74734,-104.950285,,936082.0,834596.0,False
City Park,2029,39.74734,-104.950285,,976320.0,867604.0,False
City Park,2030,39.74734,-104.950285,,1017197.0,902371.0,False
City Park,2031,39.74734,-104.950285,,1058327.0,938258.0,False
City Park,2032,39.74734,-104.950285,,1099457.0,974258.0,False
City Park,2033,39.74734,-104.950285,,1140653.0,1010259.0,False
City Park,2034,39.74734,-104.950285,,1182052.0,1046260.0,False
City Park,2035,39.74734,-104.950285,,1223573.0,1082261.0,False
City Park West,2000,39.7453761,-104.9665773,220700.32476337542,,,True
City Park West,2001,39.7453761,-104.9665773,254248.14970012626,,,True
City Park West,2002,39.7453761,-104.9665773,268081.53734445514,,,True
City Park West,2003,39.7453761,-104.9665773,270443.40235020255,,,True
City Park West,2004,39.7453761,-104.9665773,282615.3382286199,,,True
City Park West,2005,39.7453761,-104.9665773,298081.81572146097,,,True
City Park West,2006,39.7453761,-104.9665773,310311.829281647,,,True
City Park West,2007,39.7453761,-104.9665773,312779.4994583582,,,True
City Park West,2008,39.7453761,-104.9665773,303868.54472805874,,,True
City Park West,2009,39.7453761,-104.9665773,296863.5262313595,,,True
City Park West,2010,39.7453761,-104.9665773,288896.5776033614,,,True
City Park West,2011,39.7453761,-104.9665773,276591.0488606615,,,True
City Park West,2012,39.7453761,-104.9665773,287875.6640408818,,,True
City Park West,2013,39.7453761,-104.9665773,325496.6716982802,,,True
City Park West,2014,39.7453761,-104.9665773,362223.9379725521,,,True
City Park West,2015,39.7453761,-104.9665773,411681.1774218797,,,True
City Park West,2016,39.7453761,-104.9665773,457095.22655646614,,,True
City Park West,2017,39.7453761,-104.9665773,487616.68740596087,,,True
City Park West,2018,39.7453761,-104.9665773,518552.0213100847,,,True
City Park West,2019,39.7453761,-104.9665773,535974.7024230357,,,True
City Park West,2020,39.7453761,-104.9665773,549858.1665579065,,,True
City Park West,2021,39.7453761,-104.9665773,606474.8618118484,,,True
City Park West,2022,39.7453761,-104.9665773,674987.6058705313,,,True
City Park West,2023,39.7453761,-104.9665773,650919.3045109514,,,True
City Park West,2024,39.7453761,-104.9665773,638786.2057653088,678266.0,614750.0,False
City Park West,2025,39.7453761,-104.9665773,624289.1332806447,714442.0,634220.0,False
City Park West,2026,39.7453761,-104.9665773,,752619.0,655370.0,False
City Park West,2027,39.7453761,-104.9665773,,792406.0,678416.0,False
City Park West,2028,39.7453761,-104.9665773,,832329.0,703394.0,False
City Park West,2029,39.7453761,-104.9665773,,872432.0,730053.0,False
City Park West,2030,39.7453761,-104.9665773,,912743.0,759150.0,False
City Park West,2031,39.7453761,-104.9665773,,953249.0,790862.0,False
City Park West,2032,39.7453761,-104.9665773,,993754.0,824644.0,False
City Park West,2033,39.7453761,-104.9665773,,1034414.0,859646.0,False
City Park West,2034,39.7453761,-104.9665773,,1075699.0,895647.0,False
City Park West,2035,39.7453761,-104.9665773,,1116983.0,931648.0,False
Civic Center,2000,39.738181,-104.9877439,,,,True
Civic Center,2001,39.738181,-104.9877439,,,,True
Civic Center,2002,39.738181,-104.9877439,363506.0869353772,,,True
Civic Center,2003,39.738181,-104.9877439,360412.49207712855,,,True
Civic Center,2004,39.738181,-104.9877439,366439.22886958765,,,True
Civic Center,2005,39.738181,-104.9877439,373453.82156449696,,,True
Civic Center,2006,39.738181,-104.9877439,386773.4705516647,,,True
Civic Center,2007,39.738181,-104.9877439,388123.73842138035,,,True
Civic Center,2008,39.738181,-104.9877439,376798.6230796289,,,True
Civic Center,2009,39.738181,-104.9877439,365319.67727441486,,,True
Civic Center,2010,39.738181,-104.9877439,344975.10323505505,,,True
Civic Center,2011,39.738181,-104.9877439,329344.1621115815,,,True
Civic Center,2012,39.738181,-104.9877439,336680.8344815413,,,True
Civic Center,2013,39.738181,-104.9877439,375650.3861418531,,,True
Civic Center,2014,39.738181,-104.9877439,407430.68011366675,,,True
Civic Center,2015,39.738181,-104.9877439,454150.7207144755,,,True
Civic Center,2016,39.738181,-104.9877439,490239.4566693476,,,True
Civic Center,2017,39.738181,-104.9877439,511276.33546620165,,,True
Civic Center,2018,39.738181,-104.9877439,533467.0976527898,,,True
Civic Center,2019,39.738181,-104.9877439,553550.4082468413,,,True
Civic Center,2020,39.738181,-104.9877439,565828.6820283375,,,True
Civic Center,2021,39.738181,-104.9877439,585023.1811304006,,,True
Civic Center,2022,39.738181,-104.9877439,634649.3297396317,,,True
Civic Center,2023,39.738181,-104.9877439,607152.1834983433,,,True
Civic Center,2024,39.738181,-104.9877439,595870.1170845517,632054.0,637807.0,False
Civic Center,2025,39.738181,-104.9877439,581449.8114122739,658382.0,660434.0,False
Civic Center,2026,39.738181,-104.9877439,,696522.0,685649.0,False
Civic Center,2027,39.738181,-104.9877439,,736180.0,712631.0,False
Civic Center,2028,39.738181,-104.9877439,,776122.0,741142.0,False
Civic Center,2029,39.738181,-104.9877439,,817008.0,771647.0,False
Civic Center,2030,39.738181,-104.9877439,,858282.0,804617.0,False
Civic Center,2031,39.738181,-104.9877439,,899290.0,839634.0,False
Civic Center,2032,39.738181,-104.9877439,,940161.0,875296.0,False
Civic Center,2033,39.738181,-104.9877439,,981031.0,911297.0,False
Civic Center,2034,39.738181,-104.9877439,,1021902.0,947298.0,False
Civic Center,2035,39.738181,-104.9877439,,1063152.0,983299.0,False
Clayton,2000,39.76676,-104.9501994,128076.85195290479,,,True
Clayton,2001,39.76676,-104.9501994,158309.51138514886,,,True
Clayton,2002,39.76676,-104.9501994,172066.80322156908,,,True
Clayton,2003,39.76676,-104.9501994,174430.0470178422,,,True
Clayton,2004,39.76676,-104.9501994,176652.70137802977,,,True
Clayton,2005,39.76676,-104.9501994,183018.87076688485,,,True
Clayton,2006,39.76676,-104.9501994,183562.4464446822,,,True
Clayton,2007,39.76676,-104.9501994,181840.6128256089,,,True
Clayton,2008,39.76676,-104.9501994,167923.71523323772,,,True
Clayton,2009,39.76676,-104.9501994,163767.8097502575,,,True
Clayton,2010,39.76676,-104.9501994,165119.53356818669,,,True
Clayton,2011,39.76676,-104.9501994,158988.97958704457,,,True
Clayton,2012,39.76676,-104.9501994,158244.83229756984,,,True
Clayton,2013,39.76676,-104.9501994,180300.05039682976,,,True
Clayton,2014,39.76676,-104.9501994,217757.68656091744,,,True
Clayton,2015,39.76676,-104.9501994,274462.6993065272,,,True
Clayton,2016,39.76676,-104.9501994,316343.3824006851,,,True
Clayton,2017,39.76676,-104.9501994,347250.7094359575,,,True
Clayton,2018,39.76676,-104.9501994,379112.155918876,,,True
Clayton,2019,39.76676,-104.9501994,397673.1847695873,,,True
Clayton,2020,39.76676,-104.9501994,417101.09156134183,,,True
Clayton,2021,39.76676,-104.9501994,467809.67499332945,,,True
Clayton,2022,39.76676,-104.9501994,516934.4478913444,,,True
Clayton,2023,39.76676,-104.9501994,503152.27595920773,,,True
Clayton,2024,39.76676,-104.9501994,498080.52168751654,541715.0,497552.0,False
Clayton,2025,39.76676,-104.9501994,491450.38157029776,576584.0,518889.0,False
Clayton,2026,39.76676,-104.9501994,,613756.0,543550.0,False
Clayton,2027,39.76676,-104.9501994,,652693.0,570012.0,False
Clayton,2028,39.76676,-104.9501994,,692094.0,597210.0,False
Clayton,2029,39.76676,-104.9501994,,731575.0,626180.0,False
Clayton,2030,39.76676,-104.9501994,,771240.0,656897.0,False
Clayton,2031,39.76676,-104.9501994,,811310.0,690033.0,False
Clayton,2032,39.76676,-104.9501994,,851612.0,724795.0,False
Clayton,2033,39.76676,-104.9501994,,892516.0,760116.0,False
Clayton,2034,39.76676,-104.9501994,,933797.0,795744.0,False
Clayton,2035,39.76676,-104.9501994,,975247.0,831490.0,False
Cole,2000,39.76563,-104.9665571,136259.86891048765,,,True
Cole,2001,39.76563,-104.9665571,169988.75618785177,,,True
Cole,2002,39.76563,-104.9665571,187994.85290909038,,,True
Cole,2003,39.76563,-104.9665571,189790.41212187088,,,True
Cole,2004,39.76563,-104.9665571,193471.45986183654,,,True
Cole,2005,39.76563,-104.9665571,200146.9943029463,,,True
Cole,2006,39.76563,-104.9665571,208572.5294889039,,,True
Cole,2007,39.76563,-104.9665571,203591.54881799096,,,True
Cole,2008,39.76563,-104.9665571,192578.22298282405,,,True
Cole,2009,39.76563,-104.9665571,188235.79276087452,,,True
Cole,2010,39.76563,-104.9665571,190126.0946712273,,,True
Cole,2011,39.76563,-104.9665571,182866.31455362984,,,True
Cole,2012,39.76563,-104.9665571,181377.8489720558,,,True
Cole,2013,39.76563,-104.9665571,207138.7561659715,,,True
Cole,2014,39.76563,-104.9665571,247628.7580246793,,,True
Cole,2015,39.76563,-104.9665571,305738.6229850312,,,True
Cole,2016,39.76563,-104.9665571,347285.6866531538,,,True
Cole,2017,39.76563,-104.9665571,380755.97202249104,,,True
Cole,2018,39.76563,-104.9665571,415832.273006913,,,True
Cole,2019,39.76563,-104.9665571,437078.0640293956,,,True
Cole,2020,39.76563,-104.9665571,463062.42404115776,,,True
Cole,2021,39.76563,-104.9665571,519716.8266358043,,,True
Cole,2022,39.76563,-104.9665571,581638.7661036231,,,True
Cole,2023,39.76563,-104.9665571,568234.8679616491,,,True
Cole,2024,39.76563,-104.9665571,560411.5939073473,592917.0,543559.0,False
Cole,2025,39.76563,-104.9665571,546798.7624705934,630231.0,566050.0,False
Cole,2026,39.76563,-104.9665571,,669481.0,589341.0,False
Cole,2027,39.76563,-104.9665571,,710070.0,614117.0,False
Cole,2028,39.76563,-104.9665571,,750982.0,639892.0,False
Cole,2029,39.76563,-104.9665571,,791894.0,666443.0,False
Cole,2030,39.76563,-104.9665571,,832806.0,694197.0,False
Cole,2031,39.76563,-104.9665571,,873719.0,723663.0,False
Cole,2032,39.76563,-104.9665571,,914774.0,755264.0,False
Cole,2033,39.76563,-104.9665571,,955968.0,787724.0,False
Cole,2034,39.76563,-104.9665571,,997307.0,820806.0,False
Cole,2035,39.76563,-104.9665571,,1038789.0,854596.0,False
Congress Park,2000,39.7337198,-104.9483668,262715.63384921465,,,True
Congress Park,2001,39.7337198,-104.9483668,298900.65433060966,,,True
Congress Park,2002,39.7337198,-104.9483668,312299.2741186006,,,True
Congress Park,2003,39.7337198,-104.9483668,314439.7458784027,,,True
Congress Park,2004,39.7337198,-104.9483668,322203.42854622874,,,True
Congress Park,2005,39.7337198,-104.9483668,336981.0547910908,,,True
Congress Park,2006,39.7337198,-104.9483668,356340.0764725334,,,True
Congress Park,2007,39.7337198,-104.9483668,358896.8788203111,,,True
Congress Park,2008,39.7337198,-104.9483668,350464.165182238,,,True
Congress Park,2009,39.7337198,-104.9483668,340821.12669094675,,,True
Congress Park,2010,39.7337198,-104.9483668,343583.43027414737,,,True
Congress Park,2011,39.7337198,-104.9483668,334703.63728160184,,,True
Congress Park,2012,39.7337198,-104.9483668,350390.7720743933,,,True
Congress Park,2013,39.7337198,-104.9483668,394831.96476515924,,,True
Congress Park,2014,39.7337198,-104.9483668,433363.7029813956,,,True
Congress Park,2015,39.7337198,-104.9483668,486497.68923515273,,,True
Congress Park,2016,39.7337198,-104.9483668,524721.3127054618,,,True
Congress Park,2017,39.7337198,-104.9483668,560316.9547787219,,,True
Congress Park,2018,39.7337198,-104.9483668,602450.7773358844,,,True
Congress Park,2019,39.7337198,-104.9483668,631767.9439833369,,,True
Congress Park,2020,39.7337198,-104.9483668,660411.4087793893,,,True
Congress Park,2021,39.7337198,-104.9483668,743546.3412580433,,,True
Congress Park,2022,39.7337198,-104.9483668,838092.8113859153,,,True
Congress Park,2023,39.7337198,-104.9483668,816030.879900118,,,True
Congress Park,2024,39.7337198,-104.9483668,808248.0200595075,809294.0,693873.0,False
Congress Park,2025,39.7337198,-104.9483668,804883.562082537,847546.0,712678.0,False
Congress Park,2026,39.7337198,-104.9483668,,886568.0,731816.0,False
Congress Park,2027,39.7337198,-104.9483668,,925901.0,752279.0,False
Congress Park,2028,39.7337198,-104.9483668,,965644.0,775020.0,False
Congress Park,2029,39.7337198,-104.9483668,,1005798.0,799351.0,False
Congress Park,2030,39.7337198,-104.9483668,,1046049.0,827147.0,False
Congress Park,2031,39.7337198,-104.9483668,,1086666.0,857047.0,False
Congress Park,2032,39.7337198,-104.9483668,,1127557.0,889631.0,False
Congress Park,2033,39.7337198,-104.9483668,,1168661.0,923950.0,False
Congress Park,2034,39.7337198,-104.9483668,,1209915.0,959289.0,False
Congress Park,2035,39.7337198,-104.9483668,,1251315.0,995035.0,False
Cory - Merrill,2000,39.6883368,-104.9477142,315222.82572468044,,,True
Cory - Merrill,2001,39.6883368,-104.9477142,357512.2418394878,,,True
Cory - Merrill,2002,39.6883368,-104.9477142,369292.6892922046,,,True
Cory - Merrill,2003,39.6883368,-104.9477142,376341.325373445,,,True
Cory - Merrill,2004,39.6883368,-104.9477142,390113.5598642838,,,True
Cory - Merrill,2005,39.6883368,-104.9477142,416544.76244661625,,,True
Cory - Merrill,2006,39.6883368,-104.9477142,447944.43333519396,,,True
Cory - Merrill,2007,39.6883368,-104.9477142,456102.31294518145,,,True
Cory - Merrill,2008,39.6883368,-104.9477142,432655.7024462919,,,True
Cory - Merrill,2009,39.6883368,-104.9477142,419575.85111548967,,,True
Cory - Merrill,2010,39.6883368,-104.9477142,411664.3379404685,,,True
Cory - Merrill,2011,39.6883368,-104.9477142,398971.30685620545,,,True
Cory - Merrill,2012,39.6883368,-104.9477142,412341.41638594953,,,True
Cory - Merrill,2013,39.6883368,-104.9477142,454283.2147787378,,,True
Cory - Merrill,2014,39.6883368,-104.9477142,494278.51755940256,,,True
Cory - Merrill,2015,39.6883368,-104.9477142,542656.6828736326,,,True
Cory - Merrill,2016,39.6883368,-104.9477142,580227.2969350318,,,True
Cory - Merrill,2017,39.6883368,-104.9477142,620668.3109501962,,,True
Cory - Merrill,2018,39.6883368,-104.9477142,655274.9560705038,,,True
Cory - Merrill,2019,39.6883368,-104.9477142,677827.5270382612,,,True
Cory - Merrill,2020,39.6883368,-104.9477142,712490.1597737106,,,True
Cory - Merrill,2021,39.6883368,-104.9477142,797938.9902862989,,,True
Cory - Merrill,2022,39.6883368,-104.9477142,914885.7593692875,,,True
Cory - Merrill,2023,39.6883368,-104.9477142,907581.7068776977,,,True
Cory - Merrill,2024,39.6883368,-104.9477142,900417.9163743303,884355.0,786010.0,False
Cory - Merrill,2025,39.6883368,-104.9477142,901873.8924207764,924436.0,808844.0,False
Cory - Merrill,2026,39.6883368,-104.9477142,,964844.0,832484.0,False
Cory - Merrill,2027,39.6883368,-104.9477142,,1005565.0,857454.0,False
Cory - Merrill,2028,39.6883368,-104.9477142,,1046566.0,884260.0,False
Cory - Merrill,2029,39.6883368,-104.9477142,,1087993.0,913226.0,False
Cory - Merrill,2030,39.6883368,-104.9477142,,1129465.0,944508.0,False
Cory - Merrill,2031,39.6883368,-104.9477142,,1170938.0,977542.0,False
Cory - Merrill,2032,39.6883368,-104.9477142,,1212413.0,1011739.0,False
Cory - Merrill,2033,39.6883368,-104.9477142,,1254097.0,1047235.0,False
Cory - Merrill,2034,39.6883368,-104.9477142,,1295780.0,1083236.0,False
Cory - Merrill,2035,39.6883368,-104.9477142,,1337464.0,1119237.0,False
Denver International Airport,2000,39.8606676,-104.6853673,,,,True
Denver International Airport,2001,39.8606676,-104.6853673,,,,True
Denver International Airport,2002,39.8606676,-104.6853673,,,,True
Denver International Airport,2003,39.8606676,-104.6853673,,,,True
Denver International Airport,2004,39.8606676,-104.6853673,,,,True
Denver International Airport,2005,39.8606676,-104.6853673,,,,True
Denver International Airport,2006,39.8606676,-104.6853673,,,,True
Denver International Airport,2007,39.8606676,-104.6853673,,,,True
Denver International Airport,2008,39.8606676,-104.6853673,125802.04897950351,,,True
Denver International Airport,2009,39.8606676,-104.6853673,120375.65419100686,,,True
Denver International Airport,2010,39.8606676,-104.6853673,121340.14366063986,,,True
Denver International Airport,2011,39.8606676,-104.6853673,108521.076084618,,,True
Denver International Airport,2012,39.8606676,-104.6853673,110871.96010080505,,,True
Denver International Airport,2013,39.8606676,-104.6853673,133636.1840806443,,,True
Denver International Airport,2014,39.8606676,-104.6853673,152351.61130965917,,,True
Denver International Airport,2015,39.8606676,-104.6853673,176957.60920818275,,,True
Denver International Airport,2016,39.8606676,-104.6853673,203791.7586782532,,,True
Denver International Airport,2017,39.8606676,-104.6853673,235644.99444306662,,,True
Denver International Airport,2018,39.8606676,-104.6853673,265393.1628578015,,,True
Denver International Airport,2019,39.8606676,-104.6853673,279358.6174917474,,,True
Denver International Airport,2020,39.8606676,-104.6853673,294687.7771919599,,,True
Denver International Airport,2021,39.8606676,-104.6853673,335067.98986909207,,,True
Denver International Airport,2022,39.8606676,-104.6853673,392180.5982764505,,,True
Denver International Airport,2023,39.8606676,-104.6853673,387720.6122259236,,,True
Denver International Airport,2024,39.8606676,-104.6853673,389720.02832160384,413291.0,379166.0,False
Denver International Airport,2025,39.8606676,-104.6853673,387062.17600464495,445356.0,397159.0,False
Denver International Airport,2026,39.8606676,-104.6853673,,482817.0,415152.0,False
Denver International Airport,2027,39.8606676,-104.6853673,,522567.0,433306.0,False
Denver International Airport,2028,39.8606676,-104.6853673,,562506.0,451725.0,False
Denver International Airport,2029,39.8606676,-104.6853673,,603140.0,470181.0,False
Denver International Airport,2030,39.8606676,-104.6853673,,643875.0,489740.0,False
Denver International Airport,2031,39.8606676,-104.6853673,,684716.0,509596.0,False
Denver International Airport,2032,39.8606676,-104.6853673,,725572.0,530644.0,False
Denver International Airport,2033,39.8606676,-104.6853673,,766461.0,553290.0,False
Denver International Airport,2034,39.8606676,-104.6853673,,807581.0,577190.0,False
Denver International Airport,2035,39.8606676,-104.6853673,,848824.0,602066.0,False
East Colfax,2000,39.7406288,-104.8977476,122592.53077075533,,,True
East Colfax,2001,39.7406288,-104.8977476,142212.15111600875,,,True
East Colfax,2002,39.7406288,-104.8977476,152839.36269628507,,,True
East Colfax,2003,39.7406288,-104.8977476,157151.2700655499,,,True
East Colfax,2004,39.7406288,-104.8977476,158265.16513012213,,,True
East Colfax,2005,39.7406288,-104.8977476,163292.88223849548,,,True
East Colfax,2006,39.7406288,-104.8977476,164022.67670595256,,,True
East Colfax,2007,39.7406288,-104.8977476,158995.0104835933,,,True
East Colfax,2008,39.7406288,-104.8977476,147335.29578319975,,,True
East Colfax,2009,39.7406288,-104.8977476,144145.30741414326,,,True
East Colfax,2010,39.7406288,-104.8977476,145083.46649450134,,,True
East Colfax,2011,39.7406288,-104.8977476,134286.63694779898,,,True
East Colfax,2012,39.7406288,-104.8977476,137417.93903476893,,,True
East Colfax,2013,39.7406288,-104.8977476,157336.54316771548,,,True
East Colfax,2014,39.7406288,-104.8977476,180029.63435735108,,,True
East Colfax,2015,39.7406288,-104.8977476,217234.37137787195,,,True
East Colfax,2016,39.7406288,-104.8977476,256174.63380163783,,,True
East Colfax,2017,39.7406288,-104.8977476,284577.2531033686,,,True
East Colfax,2018,39.7406288,-104.8977476,316018.48192222393,,,True
East Colfax,2019,39.7406288,-104.8977476,332485.83763303375,,,True
East Colfax,2020,39.7406288,-104.8977476,351973.6702380381,,,True
East Colfax,2021,39.7406288,-104.8977476,399701.10020723403,,,True
East Colfax,2022,39.7406288,-104.8977476,445993.1067058377,,,True
East Colfax,2023,39.7406288,-104.8977476,435054.4356467246,,,True
East Colfax,2024,39.7406288,-104.8977476,431280.8788441616,475828.0,425270.0,False
East Colfax,2025,39.7406288,-104.8977476,427030.2961511223,511467.0,449551.0,False
East Colfax,2026,39.7406288,-104.8977476,,550186.0,480783.0,False
East Colfax,2027,39.7406288,-104.8977476,,589686.0,514566.0,False
East Colfax,2028,39.7406288,-104.8977476,,629479.0,549280.0,False
East Colfax,2029,39.7406288,-104.8977476,,669846.0,585247.0,False
East Colfax,2030,39.7406288,-104.8977476,,710534.0,621248.0,False
East Colfax,2031,39.7406288,-104.8977476,,751783.0,657249.0,False
East Colfax,2032,39.7406288,-104.8977476,,793165.0,693250.0,False
East Colfax,2033,39.7406288,-104.8977476,,834754.0,729251.0,False
East Colfax,2034,39.7406288,-104.8977476,,876414.0,765251.0,False
East Colfax,2035,39.7406288,-104.8977476,,918312.0,801252.0,False
Elyria Swansea,2000,39.7829579,-104.9581129,121402.7206010638,,,True
Elyria Swansea,2001,39.7829579,-104.9581129,146007.98682308136,,,True
Elyria Swansea,2002,39.7829579,-104.9581129,157902.3880407088,,,True
Elyria Swansea,2003,39.7829579,-104.9581129,159002.89160250986,,,True
Elyria Swansea,2004,39.7829579,-104.9581129,161404.66738901657,,,True
Elyria Swansea,2005,39.7829579,-104.9581129,158960.92613346395,,,True
Elyria Swansea,2006,39.7829579,-104.9581129,155167.8789511471,,,True
Elyria Swansea,2007,39.7829579,-104.9581129,138733.45263574514,,,True
Elyria Swansea,2008,39.7829579,-104.9581129,112193.37942209393,,,True
Elyria Swansea,2009,39.7829579,-104.9581129,99600.1740509488,,,True
Elyria Swansea,2010,39.7829579,-104.9581129,101434.17621619343,,,True
Elyria Swansea,2011,39.7829579,-104.9581129,87971.04282162934,,,True
Elyria Swansea,2012,39.7829579,-104.9581129,81291.2599498988,,,True
Elyria Swansea,2013,39.7829579,-104.9581129,102722.09414224706,,,True
Elyria Swansea,2014,39.7829579,-104.9581129,126813.9917036397,,,True
Elyria Swansea,2015,39.7829579,-104.9581129,161111.41300278017,,,True
Elyria Swansea,2016,39.7829579,-104.9581129,192885.92099111338,,,True
Elyria Swansea,2017,39.7829579,-104.9581129,221717.39933435209,,,True
Elyria Swansea,2018,39.7829579,-104.9581129,250864.54549181674,,,True
Elyria Swansea,2019,39.7829579,-104.9581129,274615.2753045347,,,True
Elyria Swansea,2020,39.7829579,-104.9581129,293414.71983860113,,,True
Elyria Swansea,2021,39.7829579,-104.9581129,336134.24041134625,,,True
Elyria Swansea,2022,39.7829579,-104.9581129,377428.15133710596,,,True
Elyria Swansea,2023,39.7829579,-104.9581129,368893.60597078694,,,True
Elyria Swansea,2024,39.7829579,-104.9581129,367320.88926488225,399158.0,375514.0,False
Elyria Swansea,2025,39.7829579,-104.9581129,361405.31230431586,432404.0,394956.0,False
Elyria Swansea,2026,39.7829579,-104.9581129,,470141.0,419959.0,False
Elyria Swansea,2027,39.7829579,-104.9581129,,510270.0,447479.0,False
Elyria Swansea,2028,39.7829579,-104.9581129,,550604.0,477953.0,False
Elyria Swansea,2029,39.7829579,-104.9581129,,591064.0,510927.0,False
Elyria Swansea,2030,39.7829579,-104.9581129,,631828.0,545665.0,False
Elyria Swansea,2031,39.7829579,-104.9581129,,673029.0,581124.0,False
Elyria Swansea,2032,39.7829579,-104.9581129,,714396.0,616870.0,False
Elyria Swansea,2033,39.7829579,-104.9581129,,755869.0,652616.0,False
Elyria Swansea,2034,39.7829579,-104.9581129,,797457.0,688552.0,False
Elyria Swansea,2035,39.7829579,-104.9581129,,839121.0,724553.0,False
Five Points,2000,39.7546578,-104.9779857,207295.45974183315,,,True
Five Points,2001,39.7546578,-104.9779857,243893.9233822209,,,True
Five Points,2002,39.7546578,-104.9779857,261825.46775411558,,,True
Five Points,2003,39.7546578,-104.9779857,262717.6992242406,,,True
Five Points,2004,39.7546578,-104.9779857,273273.22060200194,,,True
Five Points,2005,39.7546578,-104.9779857,286078.7186420381,,,True
Five Points,2006,39.7546578,-104.9779857,296854.96715985396,,,True
Five Points,2007,39.7546578,-104.9779857,303094.2769493397,,,True
Five Points,2008,39.7546578,-104.9779857,294910.91404894466,,,True
Five Points,2009,39.7546578,-104.9779857,285604.89954821113,,,True
Five Points,2010,39.7546578,-104.9779857,278435.0114265226,,,True
Five Points,2011,39.7546578,-104.9779857,266156.715817102,,,True
Five Points,2012,39.7546578,-104.9779857,272696.1456865381,,,True
Five Points,2013,39.7546578,-104.9779857,309496.55247347505,,,True
Five Points,2014,39.7546578,-104.9779857,343059.4265656684,,,True
Five Points,2015,39.7546578,-104.9779857,391290.9386805836,,,True
Five Points,2016,39.7546578,-104.9779857,430780.38095137774,,,True
Five Points,2017,39.7546578,-104.9779857,456979.7793692378,,,True
Five Points,2018,39.7546578,-104.9779857,489801.8593981508,,,True
Five Points,2019,39.7546578,-104.9779857,510940.1556671139,,,True
Five Points,2020,39.7546578,-104.9779857,527632.5413345109,,,True
Five Points,2021,39.7546578,-104.9779857,578045.945697187,,,True
Five Points,2022,39.7546578,-104.9779857,644166.3421775922,,,True
Five Points,2023,39.7546578,-104.9779857,625696.6835205548,,,True
Five Points,2024,39.7546578,-104.9779857,612445.707324833,649115.0,615154.0,False
Five Points,2025,39.7546578,-104.9779857,603233.7382121973,682915.0,638618.0,False
Five Points,2026,39.7546578,-104.9779857,,720204.0,663882.0,False
Five Points,2027,39.7546578,-104.9779857,,760058.0,692077.0,False
Five Points,2028,39.7546578,-104.9779857,,800062.0,723876.0,False
Five Points,2029,39.7546578,-104.9779857,,840132.0,757041.0,False
Five Points,2030,39.7546578,-104.9779857,,880626.0,791980.0,False
Five Points,2031,39.7546578,-104.9779857,,921571.0,827981.0,False
Five Points,2032,39.7546578,-104.9779857,,962810.0,863982.0,False
Five Points,2033,39.7546578,-104.9779857,,1004224.0,899982.0,False
Five Points,2034,39.7546578,-104.9779857,,1045638.0,935983.0,False
Five Points,2035,39.7546578,-104.9779857,,1087078.0,971984.0,False
Fort Logan,2000,39.6406013,-105.0530413,192022.83381401305,,,True
Fort Logan,2001,39.6406013,-105.0530413,217283.404039946,,,True
Fort Logan,2002,39.6406013,-105.0530413,231374.54463491394,,,True
Fort Logan,2003,39.6406013,-105.0530413,231663.48839694296,,,True
Fort Logan,2004,39.6406013,-105.0530413,236305.91469314217,,,True
Fort Logan,2005,39.6406013,-105.0530413,239896.89277629074,,,True
Fort Logan,2006,39.6406013,-105.0530413,240646.05519796952,,,True
Fort Logan,2007,39.6406013,-105.0530413,237549.25063109864,,,True
Fort Logan,2008,39.6406013,-105.0530413,228407.56358861804,,,True
Fort Logan,2009,39.6406013,-105.0530413,220317.62297248523,,,True
Fort Logan,2010,39.6406013,-105.0530413,219828.19192762094,,,True
Fort Logan,2011,39.6406013,-105.0530413,210475.15099502695,,,True
Fort Logan,2012,39.6406013,-105.0530413,214789.27866889673,,,True
Fort Logan,2013,39.6406013,-105.0530413,239494.26606508772,,,True
Fort Logan,2014,39.6406013,-105.0530413,262319.9242482457,,,True
Fort Logan,2015,39.6406013,-105.0530413,300698.956304082,,,True
Fort Logan,2016,39.6406013,-105.0530413,335966.8529952839,,,True
Fort Logan,2017,39.6406013,-105.0530413,366015.3975551396,,,True
Fort Logan,2018,39.6406013,-105.0530413,392921.22453875677,,,True
Fort Logan,2019,39.6406013,-105.0530413,411704.5208513055,,,True
Fort Logan,2020,39.6406013,-105.0530413,440759.9791857816,,,True
Fort Logan,2021,39.6406013,-105.0530413,505963.53138403763,,,True
Fort Logan,2022,39.6406013,-105.0530413,575113.7514667885,,,True
Fort Logan,2023,39.6406013,-105.0530413,567638.8751771534,,,True
Fort Logan,2024,39.6406013,-105.0530413,570515.9480553379,592646.0,569792.0,False
Fort Logan,2025,39.6406013,-105.0530413,573099.035077225,633067.0,597518.0,False
Fort Logan,2026,39.6406013,-105.0530413,,673546.0,627584.0,False
Fort Logan,2027,39.6406013,-105.0530413,,714346.0,659640.0,False
Fort Logan,2028,39.6406013,-105.0530413,,755324.0,692906.0,False
Fort Logan,2029,39.6406013,-105.0530413,,796357.0,727615.0,False
Fort Logan,2030,39.6406013,-105.0530413,,837464.0,762588.0,False
Fort Logan,2031,39.6406013,-105.0530413,,878744.0,797928.0,False
Fort Logan,2032,39.6406013,-105.0530413,,920049.0,833726.0,False
Fort Logan,2033,39.6406013,-105.0530413,,961435.0,869523.0,False
Fort Logan,2034,39.6406013,-105.0530413,,1002971.0,905321.0,False
Fort Logan,2035,39.6406013,-105.0530413,,1044628.0,941146.0,False
Globeville,2000,39.7807315,-104.9869723,72495.46649985747,,,True
Globeville,2001,39.7807315,-104.9869723,88171.92791862033,,,True
Globeville,2002,39.7807315,-104.9869723,97839.77108381584,,,True
Globeville,2003,39.7807315,-104.9869723,100150.41294043227,,,True
Globeville,2004,39.7807315,-104.9869723,99856.30187184118,,,True
Globeville,2005,39.7807315,-104.9869723,100034.96557042429,,,True
Globeville,2006,39.7807315,-104.9869723,94266.01420647251,,,True
Globeville,2007,39.7807315,-104.9869723,86310.9672278675,,,True
Globeville,2008,39.7807315,-104.9869723,78174.70312791831,,,True
Globeville,2009,39.7807315,-104.9869723,73590.37511546799,,,True
Globeville,2010,39.7807315,-104.9869723,81170.40702882617,,,True
Globeville,2011,39.7807315,-104.9869723,77105.34911222303,,,True
Globeville,2012,39.7807315,-104.9869723,85845.93203318222,,,True
Globeville,2013,39.7807315,-104.9869723,106075.79155265949,,,True
Globeville,2014,39.7807315,-104.9869723,133602.6820121433,,,True
Globeville,2015,39.7807315,-104.9869723,173725.41681724275,,,True
Globeville,2016,39.7807315,-104.9869723,207957.1795337987,,,True
Globeville,2017,39.7807315,-104.9869723,238893.803851344,,,True
Globeville,2018,39.7807315,-104.9869723,270296.10702869407,,,True
Globeville,2019,39.7807315,-104.9869723,294097.5340175155,,,True
Globeville,2020,39.7807315,-104.9869723,319309.2787451876,,,True
Globeville,2021,39.7807315,-104.9869723,361592.84215340303,,,True
Globeville,2022,39.7807315,-104.9869723,404717.5844051217,,,True
Globeville,2023,39.7807315,-104.9869723,390143.75686952524,,,True
Globeville,2024,39.7807315,-104.9869723,383938.0168471351,437432.0,362694.0,False
Globeville,2025,39.7807315,-104.9869723,382247.49208835675,474283.0,382043.0,False
Globeville,2026,39.7807315,-104.9869723,,513955.0,402544.0,False
Globeville,2027,39.7807315,-104.9869723,,554960.0,424427.0,False
Globeville,2028,39.7807315,-104.9869723,,595966.0,447880.0,False
Globeville,2029,39.7807315,-104.9869723,,637122.0,471989.0,False
Globeville,2030,39.7807315,-104.9869723,,678385.0,499651.0,False
Globeville,2031,39.7807315,-104.9869723,,720010.0,530116.0,False
Globeville,2032,39.7807315,-104.9869723,,762020.0,562970.0,False
Globeville,2033,39.7807315,-104.9869723,,804030.0,598052.0,False
Globeville,2034,39.7807315,-104.9869723,,846040.0,633799.0,False
Globeville,2035,39.7807315,-104.9869723,,888050.0,669623.0,False
Goldsmith,2000,39.6581077,-104.9036385,152673.06973015223,,,True
Goldsmith,2001,39.6581077,-104.9036385,175161.46911380973,,,True
Goldsmith,2002,39.6581077,-104.9036385,184323.58601602944,,,True
Goldsmith,2003,39.6581077,-104.9036385,187305.76382001085,,,True
Goldsmith,2004,39.6581077,-104.9036385,189599.27215866686,,,True
Goldsmith,2005,39.6581077,-104.9036385,195354.79972168067,,,True
Goldsmith,2006,39.6581077,-104.9036385,201444.92324640835,,,True
Goldsmith,2007,39.6581077,-104.9036385,199955.3595435366,,,True
Goldsmith,2008,39.6581077,-104.9036385,193822.1266452164,,,True
Goldsmith,2009,39.6581077,-104.9036385,187286.76224983382,,,True
Goldsmith,2010,39.6581077,-104.9036385,188293.668593978,,,True
Goldsmith,2011,39.6581077,-104.9036385,184004.94005554737,,,True
Goldsmith,2012,39.6581077,-104.9036385,192072.1479057748,,,True
Goldsmith,2013,39.6581077,-104.9036385,216602.82130818142,,,True
Goldsmith,2014,39.6581077,-104.9036385,237204.30993887738,,,True
Goldsmith,2015,39.6581077,-104.9036385,272534.3417127609,,,True
Goldsmith,2016,39.6581077,-104.9036385,307187.0173002469,,,True
Goldsmith,2017,39.6581077,-104.9036385,337098.498541072,,,True
Goldsmith,2018,39.6581077,-104.9036385,360889.68123196164,,,True
Goldsmith,2019,39.6581077,-104.9036385,374557.3289371929,,,True
Goldsmith,2020,39.6581077,-104.9036385,395307.46179732756,,,True
Goldsmith,2021,39.6581077,-104.9036385,441504.50243875454,,,True
Goldsmith,2022,39.6581077,-104.9036385,496508.6069648568,,,True
Goldsmith,2023,39.6581077,-104.9036385,491164.38634264306,,,True
Goldsmith,2024,39.6581077,-104.9036385,486842.4476667966,524209.0,523207.0,False
Goldsmith,2025,39.6581077,-104.9036385,484782.70092990296,560705.0,545760.0,False
Goldsmith,2026,39.6581077,-104.9036385,,599976.0,573492.0,False
Goldsmith,2027,39.6581077,-104.9036385,,639854.0,604040.0,False
Goldsmith,2028,39.6581077,-104.9036385,,680170.0,636925.0,False
Goldsmith,2029,39.6581077,-104.9036385,,720955.0,671211.0,False
Goldsmith,2030,39.6581077,-104.9036385,,761775.0,706218.0,False
Goldsmith,2031,39.6581077,-104.9036385,,802672.0,741974.0,False
Goldsmith,2032,39.6581077,-104.9036385,,843702.0,777975.0,False
Goldsmith,2033,39.6581077,-104.9036385,,884843.0,813975.0,False
Goldsmith,2034,39.6581077,-104.9036385,,926088.0,849976.0,False
Goldsmith,2035,39.6581077,-104.9036385,,967712.0,885977.0,False
Hale,2000,39.7330213,-104.931128,198454.95546727977,,,True
Hale,2001,39.7330213,-104.931128,229598.16407222906,,,True
Hale,2002,39.7330213,-104.931128,241126.77865540073,,,True
Hale,2003,39.7330213,-104.931128,243000.99074069734,,,True
Hale,2004,39.7330213,-104.931128,250121.72710612838,,,True
Hale,2005,39.7330213,-104.931128,262137.57739287778,,,True
Hale,2006,39.7330213,-104.931128,272171.03342557483,,,True
Hale,2007,39.7330213,-104.931128,276113.38828305696,,,True
Hale,2008,39.7330213,-104.931128,271757.74303549295,,,True
Hale,2009,39.7330213,-104.931128,264622.8492484369,,,True
Hale,2010,39.7330213,-104.931128,264424.27543837385,,,True
Hale,2011,39.7330213,-104.931128,251617.1095708025,,,True
Hale,2012,39.7330213,-104.931128,260479.95391324337,,,True
Hale,2013,39.7330213,-104.931128,294949.2853589418,,,True
Hale,2014,39.7330213,-104.931128,325218.048633569,,,True
Hale,2015,39.7330213,-104.931128,373788.34038956667,,,True
Hale,2016,39.7330213,-104.931128,414565.5289190819,,,True
Hale,2017,39.7330213,-104.931128,447562.8197540588,,,True
Hale,2018,39.7330213,-104.931128,476847.33440427476,,,True
Hale,2019,39.7330213,-104.931128,497849.4441309988,,,True
Hale,2020,39.7330213,-104.931128,526809.039737893,,,True
Hale,2021,39.7330213,-104.931128,595441.4481244208,,,True
Hale,2022,39.7330213,-104.931128,669519.1262766888,,,True
Hale,2023,39.7330213,-104.931128,646045.5787569865,,,True
Hale,2024,39.7330213,-104.931128,640801.493808163,685980.0,613297.0,False
Hale,2025,39.7330213,-104.931128,630254.0367484478,726138.0,635008.0,False
Hale,2026,39.7330213,-104.931128,,766564.0,657843.0,False
Hale,2027,39.7330213,-104.931128,,806990.0,682219.0,False
Hale,2028,39.7330213,-104.931128,,847416.0,708172.0,False
Hale,2029,39.7330213,-104.931128,,887841.0,737640.0,False
Hale,2030,39.7330213,-104.931128,,928504.0,768264.0,False
Hale,2031,39.7330213,-104.931128,,969367.0,800051.0,False
Hale,2032,39.7330213,-104.931128,,1010230.0,832551.0,False
Hale,2033,39.7330213,-104.931128,,1051191.0,866148.0,False
Hale,2034,39.7330213,-104.931128,,1092318.0,900893.0,False
Hale,2035,39.7330213,-104.931128,,1133470.0,935836.0,False
Hampden,2000,39.6608331,-104.8812821,176612.67864116692,,,True
Hampden,2001,39.6608331,-104.8812821,200289.87950612314,,,True
Hampden,2002,39.6608331,-104.8812821,211264.2125088645,,,True
Hampden,2003,39.6608331,-104.8812821,213224.4925171916,,,True
Hampden,2004,39.6608331,-104.8812821,216293.05125361672,,,True
Hampden,2005,39.6608331,-104.8812821,223084.55906130187,,,True
Hampden,2006,39.6608331,-104.8812821,227607.92597908026,,,True
Hampden,2007,39.6608331,-104.8812821,226611.76017191322,,,True
Hampden,2008,39.6608331,-104.8812821,218140.77896304755,,,True
Hampden,2009,39.6608331,-104.8812821,210433.53132764032,,,True
Hampden,2010,39.6608331,-104.8812821,213273.37003337312,,,True
Hampden,2011,39.6608331,-104.8812821,204802.9934605475,,,True
Hampden,2012,39.6608331,-104.8812821,207888.94594657407,,,True
Hampden,2013,39.6608331,-104.8812821,230853.6001142287,,,True
Hampden,2014,39.6608331,-104.8812821,253615.4345609444,,,True
Hampden,2015,39.6608331,-104.8812821,289490.83810155356,,,True
Hampden,2016,39.6608331,-104.8812821,324609.1666511357,,,True
Hampden,2017,39.6608331,-104.8812821,353170.79084408,,,True
Hampden,2018,39.6608331,-104.8812821,377006.2901528044,,,True
Hampden,2019,39.6608331,-104.8812821,393291.02695758623,,,True
Hampden,2020,39.6608331,-104.8812821,417468.57915812935,,,True
Hampden,2021,39.6608331,-104.8812821,470448.2752207543,,,True
Hampden,2022,39.6608331,-104.8812821,532372.9951165613,,,True
Hampden,2023,39.6608331,-104.8812821,522284.46199551504,,,True
Hampden,2024,39.6608331,-104.8812821,523696.83934522903,548487.0,547378.0,False
Hampden,2025,39.6608331,-104.8812821,521376.7994932027,581941.0,571937.0,False
Hampden,2026,39.6608331,-104.8812821,,619900.0,598413.0,False
Hampden,2027,39.6608331,-104.8812821,,659541.0,626480.0,False
Hampden,2028,39.6608331,-104.8812821,,699407.0,658289.0,False
Hampden,2029,39.6608331,-104.8812821,,739660.0,693158.0,False
Hampden,2030,39.6608331,-104.8812821,,780202.0,728711.0,False
Hampden,2031,39.6608331,-104.8812821,,820979.0,764340.0,False
Hampden,2032,39.6608331,-104.8812821,,861838.0,800086.0,False
Hampden,2033,39.6608331,-104.8812821,,902698.0,835898.0,False
Hampden,2034,39.6608331,-104.8812821,,943658.0,871899.0,False
Hampden,2035,39.6608331,-104.8812821,,984741.0,907900.0,False
Hampden South,2000,39.65366,-104.9017241,192998.31678099593,,,True
Hampden South,2001,39.65366,-104.9017241,219142.1143911312,,,True
Hampden South,2002,39.65366,-104.9017241,230486.9932453497,,,True
Hampden South,2003,39.65366,-104.9017241,231311.71758030588,,,True
Hampden South,2004,39.65366,-104.9017241,235879.9653710524,,,True
Hampden South,2005,39.65366,-104.9017241,242660.7763367231,,,True
Hampden South,2006,39.65366,-104.9017241,246634.81443264743,,,True
Hampden South,2007,39.65366,-104.9017241,247527.54836193577,,,True
Hampden South,2008,39.65366,-104.9017241,238751.88577011996,,,True
Hampden South,2009,39.65366,-104.9017241,227612.08616254808,,,True
Hampden South,2010,39.65366,-104.9017241,230578.03574694335,,,True
Hampden South,2011,39.65366,-104.9017241,221865.49618240437,,,True
Hampden South,2012,39.65366,-104.9017241,225242.85230362727,,,True
Hampden South,2013,39.65366,-104.9017241,247066.4760199384,,,True
Hampden South,2014,39.65366,-104.9017241,268264.0545134735,,,True
Hampden South,2015,39.65366,-104.9017241,303998.7933770824,,,True
Hampden South,2016,39.65366,-104.9017241,334753.2165498095,,,True
Hampden South,2017,39.65366,-104.9017241,361338.6553952405,,,True
Hampden South,2018,39.65366,-104.9017241,384040.79589151515,,,True
Hampden South,2019,39.65366,-104.9017241,398984.8366328197,,,True
Hampden South,2020,39.65366,-104.9017241,417208.75088608405,,,True
Hampden South,2021,39.65366,-104.9017241,468165.86913994607,,,True
Hampden South,2022,39.65366,-104.9017241,529309.3507191008,,,True
Hampden South,2023,39.65366,-104.9017241,517519.3748821616,,,True
Hampden South,2024,39.65366,-104.9017241,512599.1974426065,567425.0,532846.0,False
Hampden South,2025,39.65366,-104.9017241,509403.6795743641,605878.0,553413.0,False
Hampden South,2026,39.65366,-104.9017241,,644731.0,576024.0,False
Hampden South,2027,39.65366,-104.9017241,,683623.0,600125.0,False
Hampden South,2028,39.65366,-104.9017241,,722939.0,627228.0,False
Hampden South,2029,39.65366,-104.9017241,,762425.0,657682.0,False
Hampden South,2030,39.65366,-104.9017241,,802231.0,690996.0,False
Hampden South,2031,39.65366,-104.9017241,,842218.0,725655.0,False
Hampden South,2032,39.65366,-104.9017241,,882504.0,761079.0,False
Hampden South,2033,39.65366,-104.9017241,,923099.0,796825.0,False
Hampden South,2034,39.65366,-104.9017241,,963945.0,832718.0,False
Hampden South,2035,39.65366,-104.9017241,,1005005.0,868719.0,False
Harvey Park,2000,39.6746638,-105.0391672,137006.42023225053,,,True
Harvey Park,2001,39.6746638,-105.0391672,156241.9160845301,,,True
Harvey Park,2002,39.6746638,-105.0391672,167960.46516599707,,,True
Harvey Park,2003,39.6746638,-105.0391672,170700.0379235198,,,True
Harvey Park,2004,39.6746638,-105.0391672,173320.3536195944,,,True
Harvey Park,2005,39.6746638,-105.0391672,175220.87224276294,,,True
Harvey Park,2006,39.6746638,-105.0391672,176478.1783252186,,,True
Harvey Park,2007,39.6746638,-105.0391672,171890.3120108118,,,True
Harvey Park,2008,39.6746638,-105.0391672,157765.26238341353,,,True
Harvey Park,2009,39.6746638,-105.0391672,150776.86722298161,,,True
Harvey Park,2010,39.6746638,-105.0391672,159835.60455221616,,,True
Harvey Park,2011,39.6746638,-105.0391672,151706.02432790134,,,True
Harvey Park,2012,39.6746638,-105.0391672,155571.593507192,,,True
Harvey Park,2013,39.6746638,-105.0391672,175803.4721783631,,,True
Harvey Park,2014,39.6746638,-105.0391672,199419.84101729063,,,True
Harvey Park,2015,39.6746638,-105.0391672,242265.89228065195,,,True
Harvey Park,2016,39.6746638,-105.0391672,281158.79480451817,,,True
Harvey Park,2017,39.6746638,-105.0391672,313079.44560369255,,,True
Harvey Park,2018,39.6746638,-105.0391672,340590.15144993167,,,True
Harvey Park,2019,39.6746638,-105.0391672,358931.8048757263,,,True
Harvey Park,2020,39.6746638,-105.0391672,385717.4374966556,,,True
Harvey Park,2021,39.6746638,-105.0391672,441856.0435812617,,,True
Harvey Park,2022,39.6746638,-105.0391672,495917.89740930824,,,True
Harvey Park,2023,39.6746638,-105.0391672,488912.9606960523,,,True
Harvey Park,2024,39.6746638,-105.0391672,492198.23190601525,517088.0,496299.0,False
Harvey Park,2025,39.6746638,-105.0391672,490616.7344807255,552991.0,521591.0,False
Harvey Park,2026,39.6746638,-105.0391672,,591873.0,548432.0,False
Harvey Park,2027,39.6746638,-105.0391672,,631961.0,577910.0,False
Harvey Park,2028,39.6746638,-105.0391672,,672373.0,609162.0,False
Harvey Park,2029,39.6746638,-105.0391672,,712923.0,641984.0,False
Harvey Park,2030,39.6746638,-105.0391672,,753626.0,676765.0,False
Harvey Park,2031,39.6746638,-105.0391672,,794693.0,712223.0,False
Harvey Park,2032,39.6746638,-105.0391672,,836021.0,747969.0,False
Harvey Park,2033,39.6746638,-105.0391672,,877460.0,783897.0,False
Harvey Park,2034,39.6746638,-105.0391672,,919241.0,819898.0,False
Harvey Park,2035,39.6746638,-105.0391672,,961034.0,855898.0,False
Harvey Park South,2000,39.6623175,-105.039197,171062.96433928213,,,True
Harvey Park South,2001,39.6623175,-105.039197,193494.4280559163,,,True
Harvey Park South,2002,39.6623175,-105.039197,205597.19225160856,,,True
Harvey Park South,2003,39.6623175,-105.039197,210034.69997947416,,,True
Harvey Park South,2004,39.6623175,-105.039197,213416.55812021068,,,True
Harvey Park South,2005,39.6623175,-105.039197,216241.45386065755,,,True
Harvey Park South,2006,39.6623175,-105.039197,214764.48783411956,,,True
Harvey Park South,2007,39.6623175,-105.039197,213375.23099738362,,,True
Harvey Park South,2008,39.6623175,-105.039197,200825.50562142744,,,True
Harvey Park South,2009,39.6623175,-105.039197,194452.5607285128,,,True
Harvey Park South,2010,39.6623175,-105.039197,195178.8860039283,,,True
Harvey Park South,2011,39.6623175,-105.039197,186015.6466772297,,,True
Harvey Park South,2012,39.6623175,-105.039197,194366.8214564284,,,True
Harvey Park South,2013,39.6623175,-105.039197,218608.9664339084,,,True
Harvey Park South,2014,39.6623175,-105.039197,240488.1759776837,,,True
Harvey Park South,2015,39.6623175,-105.039197,280272.3585905896,,,True
Harvey Park South,2016,39.6623175,-105.039197,317168.88690532424,,,True
Harvey Park South,2017,39.6623175,-105.039197,346493.59617866034,,,True
Harvey Park South,2018,39.6623175,-105.039197,376825.99264461896,,,True
Harvey Park South,2019,39.6623175,-105.039197,401052.85145312105,,,True
Harvey Park South,2020,39.6623175,-105.039197,434381.92098698724,,,True
Harvey Park South,2021,39.6623175,-105.039197,498008.34646494495,,,True
Harvey Park South,2022,39.6623175,-105.039197,558928.394869902,,,True
Harvey Park South,2023,39.6623175,-105.039197,541989.8654743297,,,True
Harvey Park South,2024,39.6623175,-105.039197,541785.2149787834,563986.0,518434.0,False
Harvey Park South,2025,39.6623175,-105.039197,540131.8521868414,601206.0,542253.0,False
Harvey Park South,2026,39.6623175,-105.039197,,640173.0,567942.0,False
Harvey Park South,2027,39.6623175,-105.039197,,679607.0,596300.0,False
Harvey Park South,2028,39.6623175,-105.039197,,719257.0,628044.0,False
Harvey Park South,2029,39.6623175,-105.039197,,759708.0,662197.0,False
Harvey Park South,2030,39.6623175,-105.039197,,800303.0,697857.0,False
Harvey Park South,2031,39.6623175,-105.039197,,841255.0,733858.0,False
Harvey Park South,2032,39.6623175,-105.039197,,882638.0,769859.0,False
Harvey Park South,2033,39.6623175,-105.039197,,924168.0,805860.0,False
Harvey Park South,2034,39.6623175,-105.039197,,965699.0,841860.0,False
Harvey Park South,2035,39.6623175,-105.039197,,1007289.0,877861.0,False
Highland,2000,39.761583,-105.0125003,194187.22785994993,,,True
Highland,2001,39.761583,-105.0125003,229372.90430449156,,,True
Highland,2002,39.761583,-105.0125003,246500.99346058725,,,True
Highland,2003,39.761583,-105.0125003,250642.7800661619,,,True
Highland,2004,39.761583,-105.0125003,258497.2128683454,,,True
Highland,2005,39.761583,-105.0125003,272139.22491976054,,,True
Highland,2006,39.761583,-105.0125003,282420.1716235872,,,True
Highland,2007,39.761583,-105.0125003,294324.31052486174,,,True
Highland,2008,39.761583,-105.0125003,293518.5733891831,,,True
Highland,2009,39.761583,-105.0125003,291853.1856292318,,,True
Highland,2010,39.761583,-105.0125003,294207.9614863796,,,True
Highland,2011,39.761583,-105.0125003,285627.37193972856,,,True
Highland,2012,39.761583,-105.0125003,300799.4938863705,,,True
Highland,2013,39.761583,-105.0125003,349093.35988931544,,,True
Highland,2014,39.761583,-105.0125003,392242.36795533303,,,True
Highland,2015,39.761583,-105.0125003,447881.31735589466,,,True
Highland,2016,39.761583,-105.0125003,489879.69470803946,,,True
Highland,2017,39.761583,-105.0125003,519412.79008338065,,,True
Highland,2018,39.761583,-105.0125003,558337.995479803,,,True
Highland,2019,39.761583,-105.0125003,577841.7483327291,,,True
Highland,2020,39.761583,-105.0125003,599946.2691156555,,,True
Highland,2021,39.761583,-105.0125003,669765.8494510615,,,True
Highland,2022,39.761583,-105.0125003,766432.646080377,,,True
Highland,2023,39.761583,-105.0125003,751927.7830667393,,,True
Highland,2024,39.761583,-105.0125003,750323.3701002871,756450.0,616107.0,False
Highland,2025,39.761583,-105.0125003,739593.6308299415,794682.0,635684.0,False
Highland,2026,39.761583,-105.0125003,,833474.0,657032.0,False
Highland,2027,39.761583,-105.0125003,,872338.0,680243.0,False
Highland,2028,39.761583,-105.0125003,,912031.0,704929.0,False
Highland,2029,39.761583,-105.0125003,,952040.0,730998.0,False
Highland,2030,39.761583,-105.0125003,,992219.0,757626.0,False
Highland,2031,39.761583,-105.0125003,,1032422.0,786220.0,False
Highland,2032,39.761583,-105.0125003,,1072766.0,817395.0,False
Highland,2033,39.761583,-105.0125003,,1113141.0,850698.0,False
Highland,2034,39.761583,-105.0125003,,1153746.0,885260.0,False
Highland,2035,39.761583,-105.0125003,,1194520.0,920407.0,False
Hilltop,2000,39.7830787,-104.9939611,460254.3203105148,,,True
Hilltop,2001,39.7830787,-104.9939611,526663.4504852883,,,True
Hilltop,2002,39.7830787,-104.9939611,566132.7123875653,,,True
Hilltop,2003,39.7830787,-104.9939611,568613.0662446577,,,True
Hilltop,2004,39.7830787,-104.9939611,581979.2309939582,,,True
Hilltop,2005,39.7830787,-104.9939611,609566.8958511627,,,True
Hilltop,2006,39.7830787,-104.9939611,646676.3856377596,,,True
Hilltop,2007,39.7830787,-104.9939611,659102.9553171906,,,True
Hilltop,2008,39.7830787,-104.9939611,643776.9046191742,,,True
Hilltop,2009,39.7830787,-104.9939611,612000.1711348413,,,True
Hilltop,2010,39.7830787,-104.9939611,582593.9607831672,,,True
Hilltop,2011,39.7830787,-104.9939611,552671.9769884804,,,True
Hilltop,2012,39.7830787,-104.9939611,578670.5388868559,,,True
Hilltop,2013,39.7830787,-104.9939611,648329.9947181919,,,True
Hilltop,2014,39.7830787,-104.9939611,706194.4616140486,,,True
Hilltop,2015,39.7830787,-104.9939611,783353.3138212209,,,True
Hilltop,2016,39.7830787,-104.9939611,835756.1153536757,,,True
Hilltop,2017,39.7830787,-104.9939611,882286.9750119416,,,True
Hilltop,2018,39.7830787,-104.9939611,945395.8442570508,,,True
Hilltop,2019,39.7830787,-104.9939611,1001001.053076908,,,True
Hilltop,2020,39.7830787,-104.9939611,1057596.7576154624,,,True
Hilltop,2021,39.7830787,-104.9939611,1215818.8468666654,,,True
Hilltop,2022,39.7830787,-104.9939611,1453086.0713774643,,,True
Hilltop,2023,39.7830787,-104.9939611,1498503.5552453233,,,True
Hilltop,2024,39.7830787,-104.9939611,1511205.6948288016,1206845.0,1002501.0,False
Hilltop,2025,39.7830787,-104.9939611,1507193.9716662082,1247788.0,1024255.0,False
Hilltop,2026,39.7830787,-104.9939611,,1288592.0,1046986.0,False
Hilltop,2027,39.7830787,-104.9939611,,1329396.0,1073206.0,False
Hilltop,2028,39.7830787,-104.9939611,,1370200.0,1101642.0,False
Hilltop,2029,39.7830787,-104.9939611,,1411005.0,1132603.0,False
Hilltop,2030,39.7830787,-104.9939611,,1451920.0,1165952.0,False
Hilltop,2031,39.7830787,-104.9939611,,1492996.0,1200731.0,False
Hilltop,2032,39.7830787,-104.9939611,,1534146.0,1236505.0,False
Hilltop,2033,39.7830787,-104.9939611,,1575438.0,1272345.0,False
Hilltop,2034,39.7830787,-104.9939611,,1616944.0,1308346.0,False
Hilltop,2035,39.7830787,-104.9939611,,1658507.0,1344346.0,False
Jefferson Park,2000,39.7506207,-105.0197793,163343.45279647937,,,True
Jefferson Park,2001,39.7506207,-105.0197793,189425.64084581996,,,True
Jefferson Park,2002,39.7506207,-105.0197793,204051.81115112748,,,True
Jefferson Park,2003,39.7506207,-105.0197793,212258.04969512182,,,True
Jefferson Park,2004,39.7506207,-105.0197793,224019.4045882043,,,True
Jefferson Park,2005,39.7506207,-105.0197793,229479.09155953894,,,True
Jefferson Park,2006,39.7506207,-105.0197793,236997.6739195586,,,True
Jefferson Park,2007,39.7506207,-105.0197793,247573.34795647857,,,True
Jefferson Park,2008,39.7506207,-105.0197793,247256.99772661674,,,True
Jefferson Park,2009,39.7506207,-105.0197793,242734.22160142683,,,True
Jefferson Park,2010,39.7506207,-105.0197793,237529.83969372138,,,True
Jefferson Park,2011,39.7506207,-105.0197793,222201.28889135338,,,True
Jefferson Park,2012,39.7506207,-105.0197793,237514.43479625272,,,True
Jefferson Park,2013,39.7506207,-105.0197793,276856.09089868824,,,True
Jefferson Park,2014,39.7506207,-105.0197793,325608.3977137169,,,True
Jefferson Park,2015,39.7506207,-105.0197793,387913.8634886374,,,True
Jefferson Park,2016,39.7506207,-105.0197793,430806.1658240338,,,True
Jefferson Park,2017,39.7506207,-105.0197793,463481.810323907,,,True
Jefferson Park,2018,39.7506207,-105.0197793,498726.6566508726,,,True
Jefferson Park,2019,39.7506207,-105.0197793,521644.56148703507,,,True
Jefferson Park,2020,39.7506207,-105.0197793,543324.4146673979,,,True
Jefferson Park,2021,39.7506207,-105.0197793,607202.2204884657,,,True
Jefferson Park,2022,39.7506207,-105.0197793,703164.2402398349,,,True
Jefferson Park,2023,39.7506207,-105.0197793,686895.2378450895,,,True
Jefferson Park,2024,39.7506207,-105.0197793,681163.6165248059,698958.0,606252.0,False
Jefferson Park,2025,39.7506207,-105.0197793,666737.9317046406,739147.0,628173.0,False
Jefferson Park,2026,39.7506207,-105.0197793,,780241.0,651248.0,False
Jefferson Park,2027,39.7506207,-105.0197793,,821334.0,676171.0,False
Jefferson Park,2028,39.7506207,-105.0197793,,862588.0,703459.0,False
Jefferson Park,2029,39.7506207,-105.0197793,,904256.0,733149.0,False
Jefferson Park,2030,39.7506207,-105.0197793,,945936.0,765952.0,False
Jefferson Park,2031,39.7506207,-105.0197793,,987835.0,800522.0,False
Jefferson Park,2032,39.7506207,-105.0197793,,1029734.0,836090.0,False
Jefferson Park,2033,39.7506207,-105.0197793,,1071633.0,871836.0,False
Jefferson Park,2034,39.7506207,-105.0197793,,1113532.0,907594.0,False
Jefferson Park,2035,39.7506207,-105.0197793,,1155430.0,943595.0,False
Lincoln Park,2000,39.7327941,-105.0051392,131244.63174750478,,,True
Lincoln Park,2001,39.7327941,-105.0051392,159432.6609130076,,,True
Lincoln Park,2002,39.7327941,-105.0051392,169749.22035712213,,,True
Lincoln Park,2003,39.7327941,-105.0051392,176507.32699325858,,,True
Lincoln Park,2004,39.7327941,-105.0051392,182070.37804368362,,,True
Lincoln Park,2005,39.7327941,-105.0051392,184898.4557171357,,,True
Lincoln Park,2006,39.7327941,-105.0051392,194247.91738007718,,,True
Lincoln Park,2007,39.7327941,-105.0051392,197239.2815214439,,,True
Lincoln Park,2008,39.7327941,-105.0051392,191639.85214837422,,,True
Lincoln Park,2009,39.7327941,-105.0051392,189669.10004342478,,,True
Lincoln Park,2010,39.7327941,-105.0051392,189305.1825078729,,,True
Lincoln Park,2011,39.7327941,-105.0051392,184369.73817190525,,,True
Lincoln Park,2012,39.7327941,-105.0051392,186689.07309087328,,,True
Lincoln Park,2013,39.7327941,-105.0051392,206266.0163020726,,,True
Lincoln Park,2014,39.7327941,-105.0051392,226846.67562228223,,,True
Lincoln Park,2015,39.7327941,-105.0051392,267299.50790172705,,,True
Lincoln Park,2016,39.7327941,-105.0051392,308387.8862303088,,,True
Lincoln Park,2017,39.7327941,-105.0051392,338019.06870635285,,,True
Lincoln Park,2018,39.7327941,-105.0051392,363586.7393014805,,,True
Lincoln Park,2019,39.7327941,-105.0051392,376888.9057838614,,,True
Lincoln Park,2020,39.7327941,-105.0051392,391047.7881301083,,,True
Lincoln Park,2021,39.7327941,-105.0051392,427809.55819661747,,,True
Lincoln Park,2022,39.7327941,-105.0051392,478317.6601368736,,,True
Lincoln Park,2023,39.7327941,-105.0051392,464835.1345786866,,,True
Lincoln Park,2024,39.7327941,-105.0051392,446995.93465437734,497055.0,476230.0,False
Lincoln Park,2025,39.7327941,-105.0051392,435212.51737974875,529729.0,495284.0,False
Lincoln Park,2026,39.7327941,-105.0051392,,566962.0,518573.0,False
Lincoln Park,2027,39.7327941,-105.0051392,,606290.0,543760.0,False
Lincoln Park,2028,39.7327941,-105.0051392,,646208.0,570508.0,False
Lincoln Park,2029,39.7327941,-105.0051392,,686326.0,598819.0,False
Lincoln Park,2030,39.7327941,-105.0051392,,726577.0,628345.0,False
Lincoln Park,2031,39.7327941,-105.0051392,,767002.0,659428.0,False
Lincoln Park,2032,39.7327941,-105.0051392,,807652.0,691712.0,False
Lincoln Park,2033,39.7327941,-105.0051392,,848474.0,725915.0,False
Lincoln Park,2034,39.7327941,-105.0051392,,889476.0,760913.0,False
Lincoln Park,2035,39.7327941,-105.0051392,,930536.0,796892.0,False
Mar Lee,2000,39.6891921,-105.0391507,136779.66142486868,,,True
Mar Lee,2001,39.6891921,-105.0391507,156077.36431372922,,,True
Mar Lee,2002,39.6891921,-105.0391507,167013.24836675168,,,True
Mar Lee,2003,39.6891921,-105.0391507,169558.01352282698,,,True
Mar Lee,2004,39.6891921,-105.0391507,171935.51492868146,,,True
Mar Lee,2005,39.6891921,-105.0391507,171775.8700355006,,,True
Mar Lee,2006,39.6891921,-105.0391507,169109.8635306144,,,True
Mar Lee,2007,39.6891921,-105.0391507,162450.29610827297,,,True
Mar Lee,2008,39.6891921,-105.0391507,145778.68233129798,,,True
Mar Lee,2009,39.6891921,-105.0391507,134900.472692785,,,True
Mar Lee,2010,39.6891921,-105.0391507,141273.50694510722,,,True
Mar Lee,2011,39.6891921,-105.0391507,131643.98443932223,,,True
Mar Lee,2012,39.6891921,-105.0391507,129933.71003273944,,,True
Mar Lee,2013,39.6891921,-105.0391507,147914.63093333103,,,True
Mar Lee,2014,39.6891921,-105.0391507,168645.15910630143,,,True
Mar Lee,2015,39.6891921,-105.0391507,206682.329280188,,,True
Mar Lee,2016,39.6891921,-105.0391507,247230.6176008036,,,True
Mar Lee,2017,39.6891921,-105.0391507,277192.3983352767,,,True
Mar Lee,2018,39.6891921,-105.0391507,306472.7386379128,,,True
Mar Lee,2019,39.6891921,-105.0391507,324062.0874134633,,,True
Mar Lee,2020,39.6891921,-105.0391507,346469.03636623296,,,True
Mar Lee,2021,39.6891921,-105.0391507,395204.5949680493,,,True
Mar Lee,2022,39.6891921,-105.0391507,444954.81370119797,,,True
Mar Lee,2023,39.6891921,-105.0391507,437305.45255121327,,,True
Mar Lee,2024,39.6891921,-105.0391507,439609.90346422675,474626.0,429724.0,False
Mar Lee,2025,39.6891921,-105.0391507,434866.86802156025,511472.0,453303.0,False
Mar Lee,2026,39.6891921,-105.0391507,,551130.0,480679.0,False
Mar Lee,2027,39.6891921,-105.0391507,,591712.0,510600.0,False
Mar Lee,2028,39.6891921,-105.0391507,,632521.0,543062.0,False
Mar Lee,2029,39.6891921,-105.0391507,,673657.0,577648.0,False
Mar Lee,2030,39.6891921,-105.0391507,,715235.0,613249.0,False
Mar Lee,2031,39.6891921,-105.0391507,,756954.0,649066.0,False
Mar Lee,2032,39.6891921,-105.0391507,,798698.0,685067.0,False
Mar Lee,2033,39.6891921,-105.0391507,,840584.0,721068.0,False
Mar Lee,2034,39.6891921,-105.0391507,,882766.0,757069.0,False
Mar Lee,2035,39.6891921,-105.0391507,,925008.0,793070.0,False
Montbello,2000,39.7842234,-104.8311541,134737.20503673246,,,True
Montbello,2001,39.7842234,-104.8311541,155989.6295417014,,,True
Montbello,2002,39.7842234,-104.8311541,167372.9051386816,,,True
Montbello,2003,39.7842234,-104.8311541,169343.89068840168,,,True
Montbello,2004,39.7842234,-104.8311541,170715.45306334595,,,True
Montbello,2005,39.7842234,-104.8311541,171012.17568442752,,,True
Montbello,2006,39.7842234,-104.8311541,168224.8704761327,,,True
Montbello,2007,39.7842234,-104.8311541,160938.45553912022,,,True
Montbello,2008,39.7842234,-104.8311541,134205.09854005076,,,True
Montbello,2009,39.7842234,-104.8311541,119202.33220983128,,,True
Montbello,2010,39.7842234,-104.8311541,123873.36095706631,,,True
Montbello,2011,39.7842234,-104.8311541,112675.55425084867,,,True
Montbello,2012,39.7842234,-104.8311541,118086.56431765971,,,True
Montbello,2013,39.7842234,-104.8311541,141686.9951666888,,,True
Montbello,2014,39.7842234,-104.8311541,165297.50847345206,,,True
Montbello,2015,39.7842234,-104.8311541,201807.53957754056,,,True
Montbello,2016,39.7842234,-104.8311541,240279.2439242249,,,True
Montbello,2017,39.7842234,-104.8311541,268026.73131520423,,,True
Montbello,2018,39.7842234,-104.8311541,296223.5260705419,,,True
Montbello,2019,39.7842234,-104.8311541,314527.74193051405,,,True
Montbello,2020,39.7842234,-104.8311541,338943.485325216,,,True
Montbello,2021,39.7842234,-104.8311541,390656.45996480924,,,True
Montbello,2022,39.7842234,-104.8311541,442289.33838338224,,,True
Montbello,2023,39.7842234,-104.8311541,433477.0732276367,,,True
Montbello,2024,39.7842234,-104.8311541,438895.8009579431,480545.0,454624.0,False
Montbello,2025,39.7842234,-104.8311541,434677.69850249507,518721.0,479574.0,False
Montbello,2026,39.7842234,-104.8311541,,558413.0,509510.0,False
Montbello,2027,39.7842234,-104.8311541,,598419.0,540658.0,False
Montbello,2028,39.7842234,-104.8311541,,638857.0,572799.0,False
Montbello,2029,39.7842234,-104.8311541,,679394.0,605851.0,False
Montbello,2030,39.7842234,-104.8311541,,719931.0,639897.0,False
Montbello,2031,39.7842234,-104.8311541,,760467.0,674981.0,False
Montbello,2032,39.7842234,-104.8311541,,801099.0,710701.0,False
Montbello,2033,39.7842234,-104.8311541,,841755.0,746702.0,False
Montbello,2034,39.7842234,-104.8311541,,882714.0,782703.0,False
Montbello,2035,39.7842234,-104.8311541,,923740.0,818704.0,False
Montclair,2000,39.731735,-104.9129478,237204.63115062998,,,True
Montclair,2001,39.731735,-104.9129478,269018.3011396608,,,True
Montclair,2002,39.731735,-104.9129478,281818.5808495966,,,True
Montclair,2003,39.731735,-104.9129478,282207.3630394525,,,True
Montclair,2004,39.731735,-104.9129478,286921.52383725566,,,True
Montclair,2005,39.731735,-104.9129478,301259.7434985197,,,True
Montclair,2006,39.731735,-104.9129478,316432.5581469085,,,True
Montclair,2007,39.731735,-104.9129478,320849.8763856111,,,True
Montclair,2008,39.731735,-104.9129478,317873.3833732529,,,True
Montclair,2009,39.731735,-104.9129478,308109.9797291817,,,True
Montclair,2010,39.731735,-104.9129478,307469.16386341094,,,True
Montclair,2011,39.731735,-104.9129478,291395.84579694475,,,True
Montclair,2012,39.731735,-104.9129478,294982.11873652466,,,True
Montclair,2013,39.731735,-104.9129478,328025.5268985249,,,True
Montclair,2014,39.731735,-104.9129478,356598.29014678835,,,True
Montclair,2015,39.731735,-104.9129478,401257.2010609045,,,True
Montclair,2016,39.731735,-104.9129478,437965.78226641635,,,True
Montclair,2017,39.731735,-104.9129478,467446.0339351057,,,True
Montclair,2018,39.731735,-104.9129478,504292.51765336195,,,True
Montclair,2019,39.731735,-104.9129478,527182.5333448511,,,True
Montclair,2020,39.731735,-104.9129478,556663.9539727066,,,True
Montclair,2021,39.731735,-104.9129478,635950.6887556273,,,True
Montclair,2022,39.731735,-104.9129478,715095.1116103483,,,True
Montclair,2023,39.731735,-104.9129478,694636.5176724416,,,True
Montclair,2024,39.731735,-104.9129478,688949.9390753445,709980.0,584039.0,False
Montclair,2025,39.731735,-104.9129478,681469.8716961743,748697.0,600716.0,False
Montclair,2026,39.731735,-104.9129478,,788426.0,618147.0,False
Montclair,2027,39.731735,-104.9129478,,828366.0,637842.0,False
Montclair,2028,39.731735,-104.9129478,,868307.0,660146.0,False
Montclair,2029,39.731735,-104.9129478,,908396.0,684546.0,False
Montclair,2030,39.731735,-104.9129478,,948532.0,711122.0,False
Montclair,2031,39.731735,-104.9129478,,988802.0,740059.0,False
Montclair,2032,39.731735,-104.9129478,,1029201.0,770293.0,False
Montclair,2033,39.731735,-104.9129478,,1069792.0,803031.0,False
Montclair,2034,39.731735,-104.9129478,,1110586.0,836670.0,False
Montclair,2035,39.731735,-104.9129478,,1151670.0,870673.0,False
North Capitol Hill,2000,39.7456241,-104.981596,225037.85390600224,,,True
North Capitol Hill,2001,39.7456241,-104.981596,264510.08987840376,,,True
North Capitol Hill,2002,39.7456241,-104.981596,277624.07804280845,,,True
North Capitol Hill,2003,39.7456241,-104.981596,274794.8581563634,,,True
North Capitol Hill,2004,39.7456241,-104.981596,279792.2373838532,,,True
North Capitol Hill,2005,39.7456241,-104.981596,292197.3319234143,,,True
North Capitol Hill,2006,39.7456241,-104.981596,298347.73874097574,,,True
North Capitol Hill,2007,39.7456241,-104.981596,297982.67195105646,,,True
North Capitol Hill,2008,39.7456241,-104.981596,289913.1097052479,,,True
North Capitol Hill,2009,39.7456241,-104.981596,282559.7657061285,,,True
North Capitol Hill,2010,39.7456241,-104.981596,276207.4977490325,,,True
North Capitol Hill,2011,39.7456241,-104.981596,264981.7654791425,,,True
North Capitol Hill,2012,39.7456241,-104.981596,268856.13738570345,,,True
North Capitol Hill,2013,39.7456241,-104.981596,293675.3144335881,,,True
North Capitol Hill,2014,39.7456241,-104.981596,316821.95092347247,,,True
North Capitol Hill,2015,39.7456241,-104.981596,353010.5677715879,,,True
North Capitol Hill,2016,39.7456241,-104.981596,387988.7863452737,,,True
North Capitol Hill,2017,39.7456241,-104.981596,411328.7939221565,,,True
North Capitol Hill,2018,39.7456241,-104.981596,433716.79663000075,,,True
North Capitol Hill,2019,39.7456241,-104.981596,442791.7465696153,,,True
North Capitol Hill,2020,39.7456241,-104.981596,449195.23081101413,,,True
North Capitol Hill,2021,39.7456241,-104.981596,470325.7518889063,,,True
North Capitol Hill,2022,39.7456241,-104.981596,520525.850569841,,,True
North Capitol Hill,2023,39.7456241,-104.981596,507510.02014707035,,,True
North Capitol Hill,2024,39.7456241,-104.981596,499588.2954928437,522581.0,543027.0,False
North Capitol Hill,2025,39.7456241,-104.981596,486823.18629743066,548656.0,559745.0,False
North Capitol Hill,2026,39.7456241,-104.981596,,586723.0,580015.0,False
North Capitol Hill,2027,39.7456241,-104.981596,,626970.0,602424.0,False
North Capitol Hill,2028,39.7456241,-104.981596,,667479.0,626853.0,False
North Capitol Hill,2029,39.7456241,-104.981596,,708414.0,653097.0,False
North Capitol Hill,2030,39.7456241,-104.981596,,749294.0,680803.0,False
North Capitol Hill,2031,39.7456241,-104.981596,,789953.0,711907.0,False
North Capitol Hill,2032,39.7456241,-104.981596,,830712.0,745554.0,False
North Capitol Hill,2033,39.7456241,-104.981596,,871559.0,780616.0,False
North Capitol Hill,2034,39.7456241,-104.981596,,912607.0,816470.0,False
North Capitol Hill,2035,39.7456241,-104.981596,,953758.0,852471.0,False
North Park Hill,2000,39.7556231,-104.922007,190098.5802320789,,,True
North Park Hill,2001,39.7556231,-104.922007,219644.40560688847,,,True
North Park Hill,2002,39.7556231,-104.922007,235887.46864083767,,,True
North Park Hill,2003,39.7556231,-104.922007,241706.549437121,,,True
North Park Hill,2004,39.7556231,-104.922007,249533.49056092114,,,True
North Park Hill,2005,39.7556231,-104.922007,259609.6354412738,,,True
North Park Hill,2006,39.7556231,-104.922007,269177.99358098133,,,True
North Park Hill,2007,39.7556231,-104.922007,272611.19566588866,,,True
North Park Hill,2008,39.7556231,-104.922007,262521.13971813774,,,True
North Park Hill,2009,39.7556231,-104.922007,255285.65971486084,,,True
North Park Hill,2010,39.7556231,-104.922007,259886.86611046377,,,True
North Park Hill,2011,39.7556231,-104.922007,249854.86503156388,,,True
North Park Hill,2012,39.7556231,-104.922007,255817.6290583913,,,True
North Park Hill,2013,39.7556231,-104.922007,292929.6277738455,,,True
North Park Hill,2014,39.7556231,-104.922007,329343.352354897,,,True
North Park Hill,2015,39.7556231,-104.922007,378294.8662159385,,,True
North Park Hill,2016,39.7556231,-104.922007,419340.2697944942,,,True
North Park Hill,2017,39.7556231,-104.922007,455588.6094460282,,,True
North Park Hill,2018,39.7556231,-104.922007,490853.5879457551,,,True
North Park Hill,2019,39.7556231,-104.922007,514078.1359634085,,,True
North Park Hill,2020,39.7556231,-104.922007,542037.1369685557,,,True
North Park Hill,2021,39.7556231,-104.922007,614552.2630993273,,,True
North Park Hill,2022,39.7556231,-104.922007,692909.042334959,,,True
North Park Hill,2023,39.7556231,-104.922007,674740.255211607,,,True
North Park Hill,2024,39.7556231,-104.922007,674697.8060114762,697134.0,608828.0,False
North Park Hill,2025,39.7556231,-104.922007,674347.353077983,735958.0,632429.0,False
North Park Hill,2026,39.7556231,-104.922007,,775914.0,656602.0,False
North Park Hill,2027,39.7556231,-104.922007,,816449.0,681667.0,False
North Park Hill,2028,39.7556231,-104.922007,,857381.0,708392.0,False
North Park Hill,2029,39.7556231,-104.922007,,898528.0,738718.0,False
North Park Hill,2030,39.7556231,-104.922007,,939674.0,772381.0,False
North Park Hill,2031,39.7556231,-104.922007,,980820.0,807063.0,False
North Park Hill,2032,39.7556231,-104.922007,,1022307.0,842350.0,False
North Park Hill,2033,39.7556231,-104.922007,,1063939.0,877976.0,False
North Park Hill,2034,39.7556231,-104.922007,,1105768.0,913891.0,False
North Park Hill,2035,39.7556231,-104.922007,,1147596.0,949892.0,False
Northeast Park Hill,2000,39.7683819,-104.9085721,126227.08239578712,,,True
Northeast Park Hill,2001,39.7683819,-104.9085721,146157.4657993384,,,True
Northeast Park Hill,2002,39.7683819,-104.9085721,161817.24868509985,,,True
Northeast Park Hill,2003,39.7683819,-104.9085721,163864.13210923487,,,True
Northeast Park Hill,2004,39.7683819,-104.9085721,167279.28454443134,,,True
Northeast Park Hill,2005,39.7683819,-104.9085721,172692.52930137858,,,True
Northeast Park Hill,2006,39.7683819,-104.9085721,175765.98159076812,,,True
Northeast Park Hill,2007,39.7683819,-104.9085721,173216.4719496747,,,True
Northeast Park Hill,2008,39.7683819,-104.9085721,154607.55920197302,,,True
Northeast Park Hill,2009,39.7683819,-104.9085721,145417.80566074784,,,True
Northeast Park Hill,2010,39.7683819,-104.9085721,151880.0279227626,,,True
Northeast Park Hill,2011,39.7683819,-104.9085721,150280.9818700938,,,True
Northeast Park Hill,2012,39.7683819,-104.9085721,157644.54600374683,,,True
Northeast Park Hill,2013,39.7683819,-104.9085721,181411.60920244086,,,True
Northeast Park Hill,2014,39.7683819,-104.9085721,210044.02221245447,,,True
Northeast Park Hill,2015,39.7683819,-104.9085721,257900.50194225422,,,True
Northeast Park Hill,2016,39.7683819,-104.9085721,301574.22390688484,,,True
Northeast Park Hill,2017,39.7683819,-104.9085721,335499.13189956115,,,True
Northeast Park Hill,2018,39.7683819,-104.9085721,364003.87440834317,,,True
Northeast Park Hill,2019,39.7683819,-104.9085721,377438.06342392176,,,True
Northeast Park Hill,2020,39.7683819,-104.9085721,394926.52064330014,,,True
Northeast Park Hill,2021,39.7683819,-104.9085721,447852.5385173187,,,True
Northeast Park Hill,2022,39.7683819,-104.9085721,496937.1908307972,,,True
Northeast Park Hill,2023,39.7683819,-104.9085721,485618.32659489283,,,True
Northeast Park Hill,2024,39.7683819,-104.9085721,480921.82569567714,507144.0,491585.0,False
Northeast Park Hill,2025,39.7683819,-104.9085721,478698.5243345531,541917.0,514023.0,False
Northeast Park Hill,2026,39.7683819,-104.9085721,,580821.0,538905.0,False
Northeast Park Hill,2027,39.7683819,-104.9085721,,621498.0,565407.0,False
Northeast Park Hill,2028,39.7683819,-104.9085721,,662329.0,592966.0,False
Northeast Park Hill,2029,39.7683819,-104.9085721,,703161.0,622310.0,False
Northeast Park Hill,2030,39.7683819,-104.9085721,,744016.0,654854.0,False
Northeast Park Hill,2031,39.7683819,-104.9085721,,785320.0,689501.0,False
Northeast Park Hill,2032,39.7683819,-104.9085721,,826989.0,725001.0,False
Northeast Park Hill,2033,39.7683819,-104.9085721,,868659.0,760782.0,False
Northeast Park Hill,2034,39.7683819,-104.9085721,,910329.0,796782.0,False
Northeast Park Hill,2035,39.7683819,-104.9085721,,952191.0,832783.0,False
Overland,2000,39.6905077,-104.9951847,155995.76223259335,,,True
Overland,2001,39.6905077,-104.9951847,168860.87560707136,,,True
Overland,2002,39.6905077,-104.9951847,180322.71532138367,,,True
Overland,2003,39.6905077,-104.9951847,183658.23038410724,,,True
Overland,2004,39.6905077,-104.9951847,184766.53134506542,,,True
Overland,2005,39.6905077,-104.9951847,191647.3789039572,,,True
Overland,2006,39.6905077,-104.9951847,196394.7515530988,,,True
Overland,2007,39.6905077,-104.9951847,194196.39671418027,,,True
Overland,2008,39.6905077,-104.9951847,183000.2946834711,,,True
Overland,2009,39.6905077,-104.9951847,172585.79240217234,,,True
Overland,2010,39.6905077,-104.9951847,172393.66527796513,,,True
Overland,2011,39.6905077,-104.9951847,161177.29489313372,,,True
Overland,2012,39.6905077,-104.9951847,163607.2414471639,,,True
Overland,2013,39.6905077,-104.9951847,189008.77063257035,,,True
Overland,2014,39.6905077,-104.9951847,218079.16081894524,,,True
Overland,2015,39.6905077,-104.9951847,260029.62385572176,,,True
Overland,2016,39.6905077,-104.9951847,299536.6297485689,,,True
Overland,2017,39.6905077,-104.9951847,341044.45332007605,,,True
Overland,2018,39.6905077,-104.9951847,372200.1319648265,,,True
Overland,2019,39.6905077,-104.9951847,393968.8638806564,,,True
Overland,2020,39.6905077,-104.9951847,423677.8314544118,,,True
Overland,2021,39.6905077,-104.9951847,472904.51530320797,,,True
Overland,2022,39.6905077,-104.9951847,530638.8128329876,,,True
Overland,2023,39.6905077,-104.9951847,526558.9122074341,,,True
Overland,2024,39.6905077,-104.9951847,521052.12006019126,551222.0,531218.0,False
Overland,2025,39.6905077,-104.9951847,513235.8410877856,588486.0,552995.0,False
Overland,2026,39.6905077,-104.9951847,,627422.0,581408.0,False
Overland,2027,39.6905077,-104.9951847,,667428.0,613942.0,False
Overland,2028,39.6905077,-104.9951847,,707946.0,648642.0,False
Overland,2029,39.6905077,-104.9951847,,748519.0,684421.0,False
Overland,2030,39.6905077,-104.9951847,,789473.0,720421.0,False
Overland,2031,39.6905077,-104.9951847,,830428.0,756422.0,False
Overland,2032,39.6905077,-104.9951847,,871439.0,792423.0,False
Overland,2033,39.6905077,-104.9951847,,912604.0,828424.0,False
Overland,2034,39.6905077,-104.9951847,,953770.0,864425.0,False
Overland,2035,39.6905077,-104.9951847,,995111.0,900426.0,False
Platt Park,2000,39.6867799,-104.9805032,250706.53315610523,,,True
Platt Park,2001,39.6867799,-104.9805032,287323.4460418177,,,True
Platt Park,2002,39.6867799,-104.9805032,302773.40062066965,,,True
Platt Park,2003,39.6867799,-104.9805032,306050.07919094537,,,True
Platt Park,2004,39.6867799,-104.9805032,314415.33895983896,,,True
Platt Park,2005,39.6867799,-104.9805032,334468.91019405896,,,True
Platt Park,2006,39.6867799,-104.9805032,355415.27399771597,,,True
Platt Park,2007,39.6867799,-104.9805032,362884.25967557955,,,True
Platt Park,2008,39.6867799,-104.9805032,355797.17872452457,,,True
Platt Park,2009,39.6867799,-104.9805032,352889.96519033035,,,True
Platt Park,2010,39.6867799,-104.9805032,357105.74382555904,,,True
Platt Park,2011,39.6867799,-104.9805032,345719.5694650534,,,True
Platt Park,2012,39.6867799,-104.9805032,358153.81485233846,,,True
Platt Park,2013,39.6867799,-104.9805032,402109.76338398777,,,True
Platt Park,2014,39.6867799,-104.9805032,434454.5826298362,,,True
Platt Park,2015,39.6867799,-104.9805032,486204.80146566854,,,True
Platt Park,2016,39.6867799,-104.9805032,528903.8750197473,,,True
Platt Park,2017,39.6867799,-104.9805032,566971.0481107603,,,True
Platt Park,2018,39.6867799,-104.9805032,603169.9263694138,,,True
Platt Park,2019,39.6867799,-104.9805032,641836.763138989,,,True
Platt Park,2020,39.6867799,-104.9805032,678497.491051704,,,True
Platt Park,2021,39.6867799,-104.9805032,758419.8606055361,,,True
Platt Park,2022,39.6867799,-104.9805032,853928.3408102525,,,True
Platt Park,2023,39.6867799,-104.9805032,834149.3611576202,,,True
Platt Park,2024,39.6867799,-104.9805032,831600.7358635659,824777.0,750690.0,False
Platt Park,2025,39.6867799,-104.9805032,831009.56889976,863468.0,778039.0,False
Platt Park,2026,39.6867799,-104.9805032,,902418.0,806176.0,False
Platt Park,2027,39.6867799,-104.9805032,,941428.0,836760.0,False
Platt Park,2028,39.6867799,-104.9805032,,980522.0,869069.0,False
Platt Park,2029,39.6867799,-104.9805032,,1020079.0,903208.0,False
Platt Park,2030,39.6867799,-104.9805032,,1060062.0,938829.0,False
Platt Park,2031,39.6867799,-104.9805032,,1100584.0,974830.0,False
Platt Park,2032,39.6867799,-104.9805032,,1141309.0,1010831.0,False
Platt Park,2033,39.6867799,-104.9805032,,1182034.0,1046832.0,False
Platt Park,2034,39.6867799,-104.9805032,,1222758.0,1082833.0,False
Platt Park,2035,39.6867799,-104.9805032,,1263483.0,1118834.0,False
Regis,2000,39.7867787,-105.0439679,156946.833943227,,,True
Regis,2001,39.7867787,-105.0439679,177948.72931133208,,,True
Regis,2002,39.7867787,-105.0439679,187582.040920424,,,True
Regis,2003,39.7867787,-105.0439679,191837.07957309272,,,True
Regis,2004,39.7867787,-105.0439679,197478.49175851917,,,True
Regis,2005,39.7867787,-105.0439679,204676.9264765577,,,True
Regis,2006,39.7867787,-105.0439679,212310.6335161298,,,True
Regis,2007,39.7867787,-105.0439679,213462.2730493235,,,True
Regis,2008,39.7867787,-105.0439679,203005.0990359951,,,True
Regis,2009,39.7867787,-105.0439679,206167.3090496763,,,True
Regis,2010,39.7867787,-105.0439679,207628.75830598557,,,True
Regis,2011,39.7867787,-105.0439679,200941.15127736758,,,True
Regis,2012,39.7867787,-105.0439679,217605.83473757605,,,True
Regis,2013,39.7867787,-105.0439679,244906.51037687727,,,True
Regis,2014,39.7867787,-105.0439679,270170.418614595,,,True
Regis,2015,39.7867787,-105.0439679,318426.82070316444,,,True
Regis,2016,39.7867787,-105.0439679,358917.3119409305,,,True
Regis,2017,39.7867787,-105.0439679,392560.29966169136,,,True
Regis,2018,39.7867787,-105.0439679,424404.1634574142,,,True
Regis,2019,39.7867787,-105.0439679,442910.2527199636,,,True
Regis,2020,39.7867787,-105.0439679,469327.50763948396,,,True
Regis,2021,39.7867787,-105.0439679,526487.2332824531,,,True
Regis,2022,39.7867787,-105.0439679,595483.4135312772,,,True
Regis,2023,39.7867787,-105.0439679,592044.1124951756,,,True
Regis,2024,39.7867787,-105.0439679,595743.2389540725,623298.0,537146.0,False
Regis,2025,39.7867787,-105.0439679,594332.6565798046,662212.0,557559.0,False
Regis,2026,39.7867787,-105.0439679,,701826.0,579470.0,False
Regis,2027,39.7867787,-105.0439679,,741797.0,603041.0,False
Regis,2028,39.7867787,-105.0439679,,782169.0,627933.0,False
Regis,2029,39.7867787,-105.0439679,,822722.0,654250.0,False
Regis,2030,39.7867787,-105.0439679,,863338.0,682929.0,False
Regis,2031,39.7867787,-105.0439679,,904152.0,713971.0,False
Regis,2032,39.7867787,-105.0439679,,945118.0,746421.0,False
Regis,2033,39.7867787,-105.0439679,,986519.0,781371.0,False
Regis,2034,39.7867787,-105.0439679,,1028038.0,817203.0,False
Regis,2035,39.7867787,-105.0439679,,1069593.0,853070.0,False
Rosedale,2000,39.6719007,-104.9804988,220605.1403878388,,,True
Rosedale,2001,39.6719007,-104.9804988,256473.34842430495,,,True
Rosedale,2002,39.6719007,-104.9804988,275514.2825391478,,,True
Rosedale,2003,39.6719007,-104.9804988,276599.55940830865,,,True
Rosedale,2004,39.6719007,-104.9804988,286687.39933359873,,,True
Rosedale,2005,39.6719007,-104.9804988,300237.15292153385,,,True
Rosedale,2006,39.6719007,-104.9804988,317848.99440102384,,,True
Rosedale,2007,39.6719007,-104.9804988,324439.7961826319,,,True
Rosedale,2008,39.6719007,-104.9804988,313128.55269597744,,,True
Rosedale,2009,39.6719007,-104.9804988,311043.9268577889,,,True
Rosedale,2010,39.6719007,-104.9804988,302434.0258626564,,,True
Rosedale,2011,39.6719007,-104.9804988,287519.1542447656,,,True
Rosedale,2012,39.6719007,-104.9804988,291505.40083646285,,,True
Rosedale,2013,39.6719007,-104.9804988,324398.3035123076,,,True
Rosedale,2014,39.6719007,-104.9804988,357470.8975467814,,,True
Rosedale,2015,39.6719007,-104.9804988,402448.980120668,,,True
Rosedale,2016,39.6719007,-104.9804988,436869.68702790624,,,True
Rosedale,2017,39.6719007,-104.9804988,470644.8464886667,,,True
Rosedale,2018,39.6719007,-104.9804988,502416.3264265821,,,True
Rosedale,2019,39.6719007,-104.9804988,532745.7180027112,,,True
Rosedale,2020,39.6719007,-104.9804988,568578.9928698782,,,True
Rosedale,2021,39.6719007,-104.9804988,643011.5933650425,,,True
Rosedale,2022,39.6719007,-104.9804988,719682.1930784063,,,True
Rosedale,2023,39.6719007,-104.9804988,698352.929959715,,,True
Rosedale,2024,39.6719007,-104.9804988,692322.176326926,699916.0,652849.0,False
Rosedale,2025,39.6719007,-104.9804988,688235.4673498257,735873.0,676659.0,False
Rosedale,2026,39.6719007,-104.9804988,,774766.0,701582.0,False
Rosedale,2027,39.6719007,-104.9804988,,814751.0,729680.0,False
Rosedale,2028,39.6719007,-104.9804988,,855318.0,759223.0,False
Rosedale,2029,39.6719007,-104.9804988,,896052.0,789944.0,False
Rosedale,2030,39.6719007,-104.9804988,,936969.0,821196.0,False
Rosedale,2031,39.6719007,-104.9804988,,977885.0,854156.0,False
Rosedale,2032,39.6719007,-104.9804988,,1019000.0,888674.0,False
Rosedale,2033,39.6719007,-104.9804988,,1060626.0,924049.0,False
Rosedale,2034,39.6719007,-104.9804988,,1102400.0,959795.0,False
Rosedale,2035,39.6719007,-104.9804988,,1144220.0,995541.0,False
Ruby Hill,2000,39.6835984,-105.0072046,120956.13042249951,,,True
Ruby Hill,2001,39.6835984,-105.0072046,140395.53749473984,,,True
Ruby Hill,2002,39.6835984,-105.0072046,151998.61900187194,,,True
Ruby Hill,2003,39.6835984,-105.0072046,153752.57535927204,,,True
Ruby Hill,2004,39.6835984,-105.0072046,156059.2651446597,,,True
Ruby Hill,2005,39.6835984,-105.0072046,155704.15147971772,,,True
Ruby Hill,2006,39.6835984,-105.0072046,152874.59166185695,,,True
Ruby Hill,2007,39.6835984,-105.0072046,145627.76807730197,,,True
Ruby Hill,2008,39.6835984,-105.0072046,128880.61619952913,,,True
Ruby Hill,2009,39.6835984,-105.0072046,124818.52512243156,,,True
Ruby Hill,2010,39.6835984,-105.0072046,130932.00097568205,,,True
Ruby Hill,2011,39.6835984,-105.0072046,125233.21654090752,,,True
Ruby Hill,2012,39.6835984,-105.0072046,129185.40366475437,,,True
Ruby Hill,2013,39.6835984,-105.0072046,150097.40822069361,,,True
Ruby Hill,2014,39.6835984,-105.0072046,171387.00871652793,,,True
Ruby Hill,2015,39.6835984,-105.0072046,205977.15359129582,,,True
Ruby Hill,2016,39.6835984,-105.0072046,245156.69232065967,,,True
Ruby Hill,2017,39.6835984,-105.0072046,278380.78823226277,,,True
Ruby Hill,2018,39.6835984,-105.0072046,310220.8056401533,,,True
Ruby Hill,2019,39.6835984,-105.0072046,330301.60767985316,,,True
Ruby Hill,2020,39.6835984,-105.0072046,354293.95259558776,,,True
Ruby Hill,2021,39.6835984,-105.0072046,403522.9070699572,,,True
Ruby Hill,2022,39.6835984,-105.0072046,450488.40516177256,,,True
Ruby Hill,2023,39.6835984,-105.0072046,441646.02657956554,,,True
Ruby Hill,2024,39.6835984,-105.0072046,445167.2454096224,482626.0,435000.0,False
Ruby Hill,2025,39.6835984,-105.0072046,442592.6265814051,520274.0,457669.0,False
Ruby Hill,2026,39.6835984,-105.0072046,,559205.0,483168.0,False
Ruby Hill,2027,39.6835984,-105.0072046,,598568.0,510158.0,False
Ruby Hill,2028,39.6835984,-105.0072046,,638383.0,539679.0,False
Ruby Hill,2029,39.6835984,-105.0072046,,678614.0,570956.0,False
Ruby Hill,2030,39.6835984,-105.0072046,,719027.0,603396.0,False
Ruby Hill,2031,39.6835984,-105.0072046,,759554.0,637872.0,False
Ruby Hill,2032,39.6835984,-105.0072046,,800111.0,673135.0,False
Ruby Hill,2033,39.6835984,-105.0072046,,841310.0,709126.0,False
Ruby Hill,2034,39.6835984,-105.0072046,,882614.0,745127.0,False
Ruby Hill,2035,39.6835984,-105.0072046,,924175.0,781128.0,False
Skyland,2000,39.7557132,-104.9502236,145858.7023139526,,,True
Skyland,2001,39.7557132,-104.9502236,171162.30356566675,,,True
Skyland,2002,39.7557132,-104.9502236,188622.13255801273,,,True
Skyland,2003,39.7557132,-104.9502236,192208.5380432109,,,True
Skyland,2004,39.7557132,-104.9502236,194053.90858651756,,,True
Skyland,2005,39.7557132,-104.9502236,202736.0849555386,,,True
Skyland,2006,39.7557132,-104.9502236,209027.89141310882,,,True
Skyland,2007,39.7557132,-104.9502236,209877.88187506434,,,True
Skyland,2008,39.7557132,-104.9502236,197065.23428823237,,,True
Skyland,2009,39.7557132,-104.9502236,193822.22562999395,,,True
Skyland,2010,39.7557132,-104.9502236,199822.41053594486,,,True
Skyland,2011,39.7557132,-104.9502236,192692.53087021454,,,True
Skyland,2012,39.7557132,-104.9502236,204005.27506476408,,,True
Skyland,2013,39.7557132,-104.9502236,242243.41799372493,,,True
Skyland,2014,39.7557132,-104.9502236,278562.39652918535,,,True
Skyland,2015,39.7557132,-104.9502236,330068.51518680336,,,True
Skyland,2016,39.7557132,-104.9502236,369106.08024125657,,,True
Skyland,2017,39.7557132,-104.9502236,403336.60722952336,,,True
Skyland,2018,39.7557132,-104.9502236,441890.88505167846,,,True
Skyland,2019,39.7557132,-104.9502236,464818.9060190348,,,True
Skyland,2020,39.7557132,-104.9502236,492784.6440288162,,,True
Skyland,2021,39.7557132,-104.9502236,558747.4194427285,,,True
Skyland,2022,39.7557132,-104.9502236,625057.2631849985,,,True
Skyland,2023,39.7557132,-104.9502236,602959.2764194763,,,True
Skyland,2024,39.7557132,-104.9502236,599997.542603934,640394.0,577117.0,False
Skyland,2025,39.7557132,-104.9502236,591824.366407108,680789.0,600321.0,False
Skyland,2026,39.7557132,-104.9502236,,721464.0,624419.0,False
Skyland,2027,39.7557132,-104.9502236,,762139.0,649169.0,False
Skyland,2028,39.7557132,-104.9502236,,802866.0,675229.0,False
Skyland,2029,39.7557132,-104.9502236,,843804.0,702640.0,False
Skyland,2030,39.7557132,-104.9502236,,884743.0,731530.0,False
Skyland,2031,39.7557132,-104.9502236,,925790.0,762075.0,False
Skyland,2032,39.7557132,-104.9502236,,966900.0,793227.0,False
Skyland,2033,39.7557132,-104.9502236,,1008150.0,826113.0,False
Skyland,2034,39.7557132,-104.9502236,,1049556.0,859313.0,False
Skyland,2035,39.7557132,-104.9502236,,1091006.0,893478.0,False
Sloan Lake,2000,39.7524265,-105.0392402,208747.3697071475,,,True
Sloan Lake,2001,39.7524265,-105.0392402,245861.90503973488,,,True
Sloan Lake,2002,39.7524265,-105.0392402,265173.1505700927,,,True
Sloan Lake,2003,39.7524265,-105.0392402,267198.3256025653,,,True
Sloan Lake,2004,39.7524265,-105.0392402,272912.22210661694,,,True
Sloan Lake,2005,39.7524265,-105.0392402,284104.68331174,,,True
Sloan Lake,2006,39.7524265,-105.0392402,297980.99816228775,,,True
Sloan Lake,2007,39.7524265,-105.0392402,307694.6889285077,,,True
Sloan Lake,2008,39.7524265,-105.0392402,306054.53288765275,,,True
Sloan Lake,2009,39.7524265,-105.0392402,306472.7470982408,,,True
Sloan Lake,2010,39.7524265,-105.0392402,311875.3265035641,,,True
Sloan Lake,2011,39.7524265,-105.0392402,305613.74917634984,,,True
Sloan Lake,2012,39.7524265,-105.0392402,324600.8835892745,,,True
Sloan Lake,2013,39.7524265,-105.0392402,368245.6714283889,,,True
Sloan Lake,2014,39.7524265,-105.0392402,404500.24159216695,,,True
Sloan Lake,2015,39.7524265,-105.0392402,462133.10028101894,,,True
Sloan Lake,2016,39.7524265,-105.0392402,505350.22514566005,,,True
Sloan Lake,2017,39.7524265,-105.0392402,540584.0842051987,,,True
Sloan Lake,2018,39.7524265,-105.0392402,583430.2887468969,,,True
Sloan Lake,2019,39.7524265,-105.0392402,610511.6891167808,,,True
Sloan Lake,2020,39.7524265,-105.0392402,643000.7214699954,,,True
Sloan Lake,2021,39.7524265,-105.0392402,732275.8419144386,,,True
Sloan Lake,2022,39.7524265,-105.0392402,838577.20859876,,,True
Sloan Lake,2023,39.7524265,-105.0392402,824511.7597932197,,,True
Sloan Lake,2024,39.7524265,-105.0392402,822550.2050538106,820030.0,700693.0,False
Sloan Lake,2025,39.7524265,-105.0392402,814116.173454467,860998.0,723164.0,False
Sloan Lake,2026,39.7524265,-105.0392402,,902072.0,745870.0,False
Sloan Lake,2027,39.7524265,-105.0392402,,943410.0,769870.0,False
Sloan Lake,2028,39.7524265,-105.0392402,,984747.0,795245.0,False
Sloan Lake,2029,39.7524265,-105.0392402,,1026085.0,821652.0,False
Sloan Lake,2030,39.7524265,-105.0392402,,1067590.0,849076.0,False
Sloan Lake,2031,39.7524265,-105.0392402,,1109192.0,877571.0,False
Sloan Lake,2032,39.7524265,-105.0392402,,1151127.0,907639.0,False
Sloan Lake,2033,39.7524265,-105.0392402,,1193253.0,939515.0,False
Sloan Lake,2034,39.7524265,-105.0392402,,1235453.0,972908.0,False
Sloan Lake,2035,39.7524265,-105.0392402,,1277802.0,1007304.0,False
South Park Hill,2000,39.7466503,-104.9220435,304100.1050058722,,,True
South Park Hill,2001,39.7466503,-104.9220435,345772.5149873051,,,True
South Park Hill,2002,39.7466503,-104.9220435,366053.61837119475,,,True
South Park Hill,2003,39.7466503,-104.9220435,367812.3907464235,,,True
South Park Hill,2004,39.7466503,-104.9220435,375872.77705784497,,,True
South Park Hill,2005,39.7466503,-104.9220435,395414.15323325264,,,True
South Park Hill,2006,39.7466503,-104.9220435,415834.05942624825,,,True
South Park Hill,2007,39.7466503,-104.9220435,423346.419973544,,,True
South Park Hill,2008,39.7466503,-104.9220435,412565.43803935504,,,True
South Park Hill,2009,39.7466503,-104.9220435,399837.7611464059,,,True
South Park Hill,2010,39.7466503,-104.9220435,395345.558536537,,,True
South Park Hill,2011,39.7466503,-104.9220435,385136.2851406136,,,True
South Park Hill,2012,39.7466503,-104.9220435,398152.05761146103,,,True
South Park Hill,2013,39.7466503,-104.9220435,445293.25934870687,,,True
South Park Hill,2014,39.7466503,-104.9220435,480813.448866212,,,True
South Park Hill,2015,39.7466503,-104.9220435,530898.9596331717,,,True
South Park Hill,2016,39.7466503,-104.9220435,571053.5002031182,,,True
South Park Hill,2017,39.7466503,-104.9220435,612087.6244236629,,,True
South Park Hill,2018,39.7466503,-104.9220435,660180.1101346365,,,True
South Park Hill,2019,39.7466503,-104.9220435,696931.9103083536,,,True
South Park Hill,2020,39.7466503,-104.9220435,732000.5011464097,,,True
South Park Hill,2021,39.7466503,-104.9220435,825994.6972359406,,,True
South Park Hill,2022,39.7466503,-104.9220435,945017.702797393,,,True
South Park Hill,2023,39.7466503,-104.9220435,932853.7270183787,,,True
South Park Hill,2024,39.7466503,-104.9220435,935911.9178985454,881227.0,805443.0,False
South Park Hill,2025,39.7466503,-104.9220435,935146.1277269409,919051.0,830106.0,False
South Park Hill,2026,39.7466503,-104.9220435,,957161.0,855749.0,False
South Park Hill,2027,39.7466503,-104.9220435,,995712.0,884142.0,False
South Park Hill,2028,39.7466503,-104.9220435,,1034418.0,915939.0,False
South Park Hill,2029,39.7466503,-104.9220435,,1073207.0,950374.0,False
South Park Hill,2030,39.7466503,-104.9220435,,1112382.0,985545.0,False
South Park Hill,2031,39.7466503,-104.9220435,,1152026.0,1021291.0,False
South Park Hill,2032,39.7466503,-104.9220435,,1191966.0,1057083.0,False
South Park Hill,2033,39.7466503,-104.9220435,,1232141.0,1093084.0,False
South Park Hill,2034,39.7466503,-104.9220435,,1272501.0,1129084.0,False
South Park Hill,2035,39.7466503,-104.9220435,,1312926.0,1165085.0,False
Southmoor Park,2000,39.6511209,-104.9071536,256828.9474847469,,,True
Southmoor Park,2001,39.6511209,-104.9071536,287314.7974533636,,,True
Southmoor Park,2002,39.6511209,-104.9071536,298032.42151193065,,,True
Southmoor Park,2003,39.6511209,-104.9071536,305827.9291654573,,,True
Southmoor Park,2004,39.6511209,-104.9071536,313663.66457366885,,,True
Southmoor Park,2005,39.6511209,-104.9071536,318014.9716321722,,,True
Southmoor Park,2006,39.6511209,-104.9071536,330178.9809565358,,,True
Southmoor Park,2007,39.6511209,-104.9071536,339005.88286518265,,,True
Southmoor Park,2008,39.6511209,-104.9071536,331090.29722580087,,,True
Southmoor Park,2009,39.6511209,-104.9071536,313209.4269874657,,,True
Southmoor Park,2010,39.6511209,-104.9071536,312155.0440364472,,,True
Southmoor Park,2011,39.6511209,-104.9071536,302761.5476391135,,,True
Southmoor Park,2012,39.6511209,-104.9071536,314355.7172330929,,,True
Southmoor Park,2013,39.6511209,-104.9071536,349078.25847954815,,,True
Southmoor Park,2014,39.6511209,-104.9071536,375404.700111897,,,True
Southmoor Park,2015,39.6511209,-104.9071536,413323.3893366127,,,True
Southmoor Park,2016,39.6511209,-104.9071536,450068.6684247803,,,True
Southmoor Park,2017,39.6511209,-104.9071536,480692.70994179277,,,True
Southmoor Park,2018,39.6511209,-104.9071536,509958.5856672299,,,True
Southmoor Park,2019,39.6511209,-104.9071536,533235.3406439977,,,True
Southmoor Park,2020,39.6511209,-104.9071536,556462.6841232667,,,True
Southmoor Park,2021,39.6511209,-104.9071536,631270.5406704984,,,True
Southmoor Park,2022,39.6511209,-104.9071536,715678.1237695661,,,True
Southmoor Park,2023,39.6511209,-104.9071536,709730.307821047,,,True
Southmoor Park,2024,39.6511209,-104.9071536,719632.3539663096,715094.0,678066.0,False
Southmoor Park,2025,39.6511209,-104.9071536,723746.4466521561,753486.0,702906.0,False
Southmoor Park,2026,39.6511209,-104.9071536,,792348.0,729037.0,False
Southmoor Park,2027,39.6511209,-104.9071536,,831642.0,758142.0,False
Southmoor Park,2028,39.6511209,-104.9071536,,871322.0,790350.0,False
Southmoor Park,2029,39.6511209,-104.9071536,,911263.0,825478.0,False
Southmoor Park,2030,39.6511209,-104.9071536,,951215.0,861380.0,False
Southmoor Park,2031,39.6511209,-104.9071536,,991380.0,897381.0,False
Southmoor Park,2032,39.6511209,-104.9071536,,1031624.0,933382.0,False
Southmoor Park,2033,39.6511209,-104.9071536,,1072254.0,969382.0,False
Southmoor Park,2034,39.6511209,-104.9071536,,1113326.0,1005383.0,False
Southmoor Park,2035,39.6511209,-104.9071536,,1154689.0,1041384.0,False
Speer,2000,39.7568766,-105.0184389,187407.21273344618,,,True
Speer,2001,39.7568766,-105.0184389,218059.195094259,,,True
Speer,2002,39.7568766,-105.0184389,230584.74047644404,,,True
Speer,2003,39.7568766,-105.0184389,228513.6079411098,,,True
Speer,2004,39.7568766,-105.0184389,235258.14884691546,,,True
Speer,2005,39.7568766,-105.0184389,245842.59669275788,,,True
Speer,2006,39.7568766,-105.0184389,256344.44113978263,,,True
Speer,2007,39.7568766,-105.0184389,259038.3094134803,,,True
Speer,2008,39.7568766,-105.0184389,254245.13827604664,,,True
Speer,2009,39.7568766,-105.0184389,249912.8402463247,,,True
Speer,2010,39.7568766,-105.0184389,250270.9260643553,,,True
Speer,2011,39.7568766,-105.0184389,240572.85524082987,,,True
Speer,2012,39.7568766,-105.0184389,247304.5728651299,,,True
Speer,2013,39.7568766,-105.0184389,274019.64579440065,,,True
Speer,2014,39.7568766,-105.0184389,299222.0752379294,,,True
Speer,2015,39.7568766,-105.0184389,342767.27979661745,,,True
Speer,2016,39.7568766,-105.0184389,377034.29296957137,,,True
Speer,2017,39.7568766,-105.0184389,404875.72513720935,,,True
Speer,2018,39.7568766,-105.0184389,431751.52481764345,,,True
Speer,2019,39.7568766,-105.0184389,444849.0739274244,,,True
Speer,2020,39.7568766,-105.0184389,461063.72074137855,,,True
Speer,2021,39.7568766,-105.0184389,511217.230410834,,,True
Speer,2022,39.7568766,-105.0184389,570071.907892383,,,True
Speer,2023,39.7568766,-105.0184389,547206.6291227521,,,True
Speer,2024,39.7568766,-105.0184389,534598.4948137745,584461.0,545519.0,False
Speer,2025,39.7568766,-105.0184389,528261.813052239,617421.0,564271.0,False
Speer,2026,39.7568766,-105.0184389,,655399.0,588875.0,False
Speer,2027,39.7568766,-105.0184389,,695388.0,616143.0,False
Speer,2028,39.7568766,-105.0184389,,735657.0,646409.0,False
Speer,2029,39.7568766,-105.0184389,,776324.0,679360.0,False
Speer,2030,39.7568766,-105.0184389,,817022.0,714075.0,False
Speer,2031,39.7568766,-105.0184389,,858056.0,749738.0,False
Speer,2032,39.7568766,-105.0184389,,899211.0,785739.0,False
Speer,2033,39.7568766,-105.0184389,,940662.0,821740.0,False
Speer,2034,39.7568766,-105.0184389,,982295.0,857741.0,False
Speer,2035,39.7568766,-105.0184389,,1024065.0,893742.0,False
Sunnyside,2000,39.7756802,-105.0116958,154667.70441758525,,,True
Sunnyside,2001,39.7756802,-105.0116958,179091.20966894165,,,True
Sunnyside,2002,39.7756802,-105.0116958,192687.38117726342,,,True
Sunnyside,2003,39.7756802,-105.0116958,200393.70109242908,,,True
Sunnyside,2004,39.7756802,-105.0116958,204403.16478497427,,,True
Sunnyside,2005,39.7756802,-105.0116958,213030.11157881506,,,True
Sunnyside,2006,39.7756802,-105.0116958,219321.20322741018,,,True
Sunnyside,2007,39.7756802,-105.0116958,227739.0095114097,,,True
Sunnyside,2008,39.7756802,-105.0116958,221980.66261312153,,,True
Sunnyside,2009,39.7756802,-105.0116958,226772.36136632305,,,True
Sunnyside,2010,39.7756802,-105.0116958,234179.77459590175,,,True
Sunnyside,2011,39.7756802,-105.0116958,229993.73928722437,,,True
Sunnyside,2012,39.7756802,-105.0116958,241771.07224991138,,,True
Sunnyside,2013,39.7756802,-105.0116958,277480.6041853817,,,True
Sunnyside,2014,39.7756802,-105.0116958,312974.28237580723,,,True
Sunnyside,2015,39.7756802,-105.0116958,369057.4602590827,,,True
Sunnyside,2016,39.7756802,-105.0116958,408011.53772126394,,,True
Sunnyside,2017,39.7756802,-105.0116958,442729.8605958929,,,True
Sunnyside,2018,39.7756802,-105.0116958,480358.4876262876,,,True
Sunnyside,2019,39.7756802,-105.0116958,500632.12310316664,,,True
Sunnyside,2020,39.7756802,-105.0116958,528671.9118054671,,,True
Sunnyside,2021,39.7756802,-105.0116958,603690.5621567,,,True
Sunnyside,2022,39.7756802,-105.0116958,685939.2568232225,,,True
Sunnyside,2023,39.7756802,-105.0116958,672125.1085329779,,,True
Sunnyside,2024,39.7756802,-105.0116958,672097.078869975,690858.0,621311.0,False
Sunnyside,2025,39.7756802,-105.0116958,666389.1445304167,731315.0,646626.0,False
Sunnyside,2026,39.7756802,-105.0116958,,771883.0,672874.0,False
Sunnyside,2027,39.7756802,-105.0116958,,812597.0,700849.0,False
Sunnyside,2028,39.7756802,-105.0116958,,853484.0,730593.0,False
Sunnyside,2029,39.7756802,-105.0116958,,894370.0,761761.0,False
Sunnyside,2030,39.7756802,-105.0116958,,935257.0,794564.0,False
Sunnyside,2031,39.7756802,-105.0116958,,976237.0,828966.0,False
Sunnyside,2032,39.7756802,-105.0116958,,1017311.0,864251.0,False
Sunnyside,2033,39.7756802,-105.0116958,,1058780.0,899783.0,False
Sunnyside,2034,39.7756802,-105.0116958,,1100404.0,935529.0,False
Sunnyside,2035,39.7756802,-105.0116958,,1142028.0,971275.0,False
Union Station,2000,39.7532276,-105.0000944,343002.85748780944,,,True
Union Station,2001,39.7532276,-105.0000944,385456.29966290813,,,True
Union Station,2002,39.7532276,-105.0000944,405796.0760051231,,,True
Union Station,2003,39.7532276,-105.0000944,406501.8107178819,,,True
Union Station,2004,39.7532276,-105.0000944,412349.84061778366,,,True
Union Station,2005,39.7532276,-105.0000944,429704.4998166421,,,True
Union Station,2006,39.7532276,-105.0000944,444264.3207170602,,,True
Union Station,2007,39.7532276,-105.0000944,455576.8679086215,,,True
Union Station,2008,39.7532276,-105.0000944,455222.0480286425,,,True
Union Station,2009,39.7532276,-105.0000944,451821.36484969704,,,True
Union Station,2010,39.7532276,-105.0000944,424610.91699142894,,,True
Union Station,2011,39.7532276,-105.0000944,398898.23760367563,,,True
Union Station,2012,39.7532276,-105.0000944,406240.78467976657,,,True
Union Station,2013,39.7532276,-105.0000944,442476.8849512792,,,True
Union Station,2014,39.7532276,-105.0000944,473367.0328029483,,,True
Union Station,2015,39.7532276,-105.0000944,516427.3997648293,,,True
Union Station,2016,39.7532276,-105.0000944,550168.6090824241,,,True
Union Station,2017,39.7532276,-105.0000944,566575.662969245,,,True
Union Station,2018,39.7532276,-105.0000944,590348.641143771,,,True
Union Station,2019,39.7532276,-105.0000944,609764.214072503,,,True
Union Station,2020,39.7532276,-105.0000944,634554.1234728909,,,True
Union Station,2021,39.7532276,-105.0000944,667533.3598122356,,,True
Union Station,2022,39.7532276,-105.0000944,715723.8052757407,,,True
Union Station,2023,39.7532276,-105.0000944,676473.7358857668,,,True
Union Station,2024,39.7532276,-105.0000944,667195.0964322707,705646.0,720119.0,False
Union Station,2025,39.7532276,-105.0000944,653397.2825594599,732548.0,738020.0,False
Union Station,2026,39.7532276,-105.0000944,,769617.0,762238.0,False
Union Station,2027,39.7532276,-105.0000944,,808947.0,788902.0,False
Union Station,2028,39.7532276,-105.0000944,,848367.0,817035.0,False
Union Station,2029,39.7532276,-105.0000944,,888018.0,848499.0,False
Union Station,2030,39.7532276,-105.0000944,,928416.0,882574.0,False
Union Station,2031,39.7532276,-105.0000944,,968702.0,917592.0,False
Union Station,2032,39.7532276,-105.0000944,,1009484.0,953543.0,False
Union Station,2033,39.7532276,-105.0000944,,1050484.0,989544.0,False
Union Station,2034,39.7532276,-105.0000944,,1091567.0,1025544.0,False
Union Station,2035,39.7532276,-105.0000944,,1132651.0,1061545.0,False
University Hills,2000,39.6677728,-104.9360342,183002.30963939687,,,True
University Hills,2001,39.6677728,-104.9360342,206779.76639921148,,,True
University Hills,2002,39.6677728,-104.9360342,217880.86112959823,,,True
University Hills,2003,39.6677728,-104.9360342,222269.59763304808,,,True
University Hills,2004,39.6677728,-104.9360342,227568.9272008851,,,True
University Hills,2005,39.6677728,-104.9360342,238054.12762584342,,,True
University Hills,2006,39.6677728,-104.9360342,248860.14985921737,,,True
University Hills,2007,39.6677728,-104.9360342,253214.50421048864,,,True
University Hills,2008,39.6677728,-104.9360342,245998.50931261573,,,True
University Hills,2009,39.6677728,-104.9360342,237358.1843084416,,,True
University Hills,2010,39.6677728,-104.9360342,238283.5602798783,,,True
University Hills,2011,39.6677728,-104.9360342,227442.00311824368,,,True
University Hills,2012,39.6677728,-104.9360342,228946.67580573075,,,True
University Hills,2013,39.6677728,-104.9360342,254316.7869256054,,,True
University Hills,2014,39.6677728,-104.9360342,280647.94063893246,,,True
University Hills,2015,39.6677728,-104.9360342,322140.28687204514,,,True
University Hills,2016,39.6677728,-104.9360342,359890.13164805766,,,True
University Hills,2017,39.6677728,-104.9360342,389569.5435126743,,,True
University Hills,2018,39.6677728,-104.9360342,416490.24333135627,,,True
University Hills,2019,39.6677728,-104.9360342,435888.77347598114,,,True
University Hills,2020,39.6677728,-104.9360342,461247.3523581371,,,True
University Hills,2021,39.6677728,-104.9360342,522933.587196172,,,True
University Hills,2022,39.6677728,-104.9360342,587211.804416512,,,True
University Hills,2023,39.6677728,-104.9360342,577109.8698117406,,,True
University Hills,2024,39.6677728,-104.9360342,579953.3980411309,597775.0,553350.0,False
University Hills,2025,39.6677728,-104.9360342,577417.3035618233,634343.0,572215.0,False
University Hills,2026,39.6677728,-104.9360342,,673778.0,591403.0,False
University Hills,2027,39.6677728,-104.9360342,,713894.0,611412.0,False
University Hills,2028,39.6677728,-104.9360342,,754341.0,632495.0,False
University Hills,2029,39.6677728,-104.9360342,,795015.0,655632.0,False
University Hills,2030,39.6677728,-104.9360342,,836001.0,679872.0,False
University Hills,2031,39.6677728,-104.9360342,,877391.0,705346.0,False
University Hills,2032,39.6677728,-104.9360342,,918937.0,732466.0,False
University Hills,2033,39.6677728,-104.9360342,,960482.0,760422.0,False
University Hills,2034,39.6677728,-104.9360342,,1002028.0,789118.0,False
University Hills,2035,39.6677728,-104.9360342,,1043603.0,819418.0,False
Valverde,2000,39.7183009,-105.0158232,108180.92746750776,,,True
Valverde,2001,39.7183009,-105.0158232,125895.62776355281,,,True
Valverde,2002,39.7183009,-105.0158232,137563.1080413514,,,True
Valverde,2003,39.7183009,-105.0158232,140016.19679028587,,,True
Valverde,2004,39.7183009,-105.0158232,139624.71764881568,,,True
Valverde,2005,39.7183009,-105.0158232,144627.0278893597,,,True
Valverde,2006,39.7183009,-105.0158232,140267.19677302183,,,True
Valverde,2007,39.7183009,-105.0158232,133319.70246811994,,,True
Valverde,2008,39.7183009,-105.0158232,112155.94346190632,,,True
Valverde,2009,39.7183009,-105.0158232,101569.61435786057,,,True
Valverde,2010,39.7183009,-105.0158232,103550.81696348234,,,True
Valverde,2011,39.7183009,-105.0158232,99562.35616158666,,,True
Valverde,2012,39.7183009,-105.0158232,107326.19436624846,,,True
Valverde,2013,39.7183009,-105.0158232,129860.67388081456,,,True
Valverde,2014,39.7183009,-105.0158232,146085.30726459742,,,True
Valverde,2015,39.7183009,-105.0158232,181179.1080832001,,,True
Valverde,2016,39.7183009,-105.0158232,219784.876998137,,,True
Valverde,2017,39.7183009,-105.0158232,251766.55567606725,,,True
Valverde,2018,39.7183009,-105.0158232,284399.6195375005,,,True
Valverde,2019,39.7183009,-105.0158232,307025.4878834679,,,True
Valverde,2020,39.7183009,-105.0158232,330984.7843193823,,,True
Valverde,2021,39.7183009,-105.0158232,371510.9040326425,,,True
Valverde,2022,39.7183009,-105.0158232,417637.7977882388,,,True
Valverde,2023,39.7183009,-105.0158232,409885.0393255488,,,True
Valverde,2024,39.7183009,-105.0158232,409866.0092105009,446162.0,417068.0,False
Valverde,2025,39.7183009,-105.0158232,407205.20833803667,482151.0,441329.0,False
Valverde,2026,39.7183009,-105.0158232,,521232.0,469503.0,False
Valverde,2027,39.7183009,-105.0158232,,560480.0,499709.0,False
Valverde,2028,39.7183009,-105.0158232,,600686.0,531187.0,False
Valverde,2029,39.7183009,-105.0158232,,641265.0,563795.0,False
Valverde,2030,39.7183009,-105.0158232,,682006.0,597771.0,False
Valverde,2031,39.7183009,-105.0158232,,722873.0,632410.0,False
Valverde,2032,39.7183009,-105.0158232,,764082.0,667891.0,False
Valverde,2033,39.7183009,-105.0158232,,805554.0,703625.0,False
Valverde,2034,39.7183009,-105.0158232,,847078.0,739572.0,False
Valverde,2035,39.7183009,-105.0158232,,888602.0,775573.0,False
Villa Park,2000,39.730961,-105.039215,103251.5153841274,,,True
Villa Park,2001,39.730961,-105.039215,120087.51376127492,,,True
Villa Park,2002,39.730961,-105.039215,130534.99250103469,,,True
Villa Park,2003,39.730961,-105.039215,133227.99945939847,,,True
Villa Park,2004,39.730961,-105.039215,134457.12991668851,,,True
Villa Park,2005,39.730961,-105.039215,136774.84891231326,,,True
Villa Park,2006,39.730961,-105.039215,133011.71175524386,,,True
Villa Park,2007,39.730961,-105.039215,127481.72808848847,,,True
Villa Park,2008,39.730961,-105.039215,109220.6656448127,,,True
Villa Park,2009,39.730961,-105.039215,101738.4617671877,,,True
Villa Park,2010,39.730961,-105.039215,106551.25837407731,,,True
Villa Park,2011,39.730961,-105.039215,102105.78413671622,,,True
Villa Park,2012,39.730961,-105.039215,110232.20059036872,,,True
Villa Park,2013,39.730961,-105.039215,129667.06166482136,,,True
Villa Park,2014,39.730961,-105.039215,152612.43321995786,,,True
Villa Park,2015,39.730961,-105.039215,193955.47958290123,,,True
Villa Park,2016,39.730961,-105.039215,232689.31739982174,,,True
Villa Park,2017,39.730961,-105.039215,266728.0955199776,,,True
Villa Park,2018,39.730961,-105.039215,300394.55029528314,,,True
Villa Park,2019,39.730961,-105.039215,322346.8639305485,,,True
Villa Park,2020,39.730961,-105.039215,346166.134488825,,,True
Villa Park,2021,39.730961,-105.039215,394135.9459872381,,,True
Villa Park,2022,39.730961,-105.039215,444803.34362096066,,,True
Villa Park,2023,39.730961,-105.039215,437051.2508119756,,,True
Villa Park,2024,39.730961,-105.039215,432720.1629120272,465072.0,409609.0,False
Villa Park,2025,39.730961,-105.039215,426668.5297781542,499889.0,430653.0,False
Villa Park,2026,39.730961,-105.039215,,538307.0,453475.0,False
Villa Park,2027,39.730961,-105.039215,,578316.0,478591.0,False
Villa Park,2028,39.730961,-105.039215,,618488.0,505693.0,False
Villa Park,2029,39.730961,-105.039215,,659059.0,534685.0,False
Villa Park,2030,39.730961,-105.039215,,700087.0,565541.0,False
Villa Park,2031,39.730961,-105.039215,,741272.0,598442.0,False
Villa Park,2032,39.730961,-105.039215,,782596.0,632922.0,False
Villa Park,2033,39.730961,-105.039215,,823975.0,668262.0,False
Villa Park,2034,39.730961,-105.039215,,865510.0,704239.0,False
Villa Park,2035,39.730961,-105.039215,,907046.0,740240.0,False
Virginia Village,2000,39.6902801,-104.9230956,183745.77481829628,,,True
Virginia Village,2001,39.6902801,-104.9230956,210090.1770818903,,,True
Virginia Village,2002,39.6902801,-104.9230956,223522.63846863437,,,True
Virginia Village,2003,39.6902801,-104.9230956,226578.0611441972,,,True
Virginia Village,2004,39.6902801,-104.9230956,232937.75957132157,,,True
Virginia Village,2005,39.6902801,-104.9230956,242570.83875941983,,,True
Virginia Village,2006,39.6902801,-104.9230956,247815.4620086574,,,True
Virginia Village,2007,39.6902801,-104.9230956,247917.97994241634,,,True
Virginia Village,2008,39.6902801,-104.9230956,240699.87302085236,,,True
Virginia Village,2009,39.6902801,-104.9230956,236202.75269128568,,,True
Virginia Village,2010,39.6902801,-104.9230956,239820.06914550127,,,True
Virginia Village,2011,39.6902801,-104.9230956,234403.67065454065,,,True
Virginia Village,2012,39.6902801,-104.9230956,241691.73501479047,,,True
Virginia Village,2013,39.6902801,-104.9230956,272933.34367411124,,,True
Virginia Village,2014,39.6902801,-104.9230956,301582.80377945985,,,True
Virginia Village,2015,39.6902801,-104.9230956,346056.101585123,,,True
Virginia Village,2016,39.6902801,-104.9230956,384107.1071661855,,,True
Virginia Village,2017,39.6902801,-104.9230956,419271.02803069586,,,True
Virginia Village,2018,39.6902801,-104.9230956,451000.335668267,,,True
Virginia Village,2019,39.6902801,-104.9230956,469047.30424942094,,,True
Virginia Village,2020,39.6902801,-104.9230956,491246.063293019,,,True
Virginia Village,2021,39.6902801,-104.9230956,561193.36039482,,,True
Virginia Village,2022,39.6902801,-104.9230956,630843.9360254861,,,True
Virginia Village,2023,39.6902801,-104.9230956,620188.2184394555,,,True
Virginia Village,2024,39.6902801,-104.9230956,621484.3370934181,647418.0,544901.0,False
Virginia Village,2025,39.6902801,-104.9230956,626639.0295789338,684541.0,560864.0,False
Virginia Village,2026,39.6902801,-104.9230956,,723569.0,577698.0,False
Virginia Village,2027,39.6902801,-104.9230956,,763023.0,596173.0,False
Virginia Village,2028,39.6902801,-104.9230956,,802978.0,615850.0,False
Virginia Village,2029,39.6902801,-104.9230956,,843295.0,636894.0,False
Virginia Village,2030,39.6902801,-104.9230956,,884214.0,659578.0,False
Virginia Village,2031,39.6902801,-104.9230956,,925361.0,683450.0,False
Virginia Village,2032,39.6902801,-104.9230956,,966917.0,708443.0,False
Virginia Village,2033,39.6902801,-104.9230956,,1008690.0,734707.0,False
Virginia Village,2034,39.6902801,-104.9230956,,1050462.0,763795.0,False
Virginia Village,2035,39.6902801,-104.9230956,,1092257.0,794835.0,False
Washington Park,2000,39.7020811,-104.9710337,358070.8102159817,,,True
Washington Park,2001,39.7020811,-104.9710337,408443.924031091,,,True
Washington Park,2002,39.7020811,-104.9710337,430233.7770196965,,,True
Washington Park,2003,39.7020811,-104.9710337,434764.0153587533,,,True
Washington Park,2004,39.7020811,-104.9710337,450967.9958064188,,,True
Washington Park,2005,39.7020811,-104.9710337,480125.5738440308,,,True
Washington Park,2006,39.7020811,-104.9710337,512480.3418169818,,,True
Washington Park,2007,39.7020811,-104.9710337,534207.2833610021,,,True
Washington Park,2008,39.7020811,-104.9710337,525454.8356414326,,,True
Washington Park,2009,39.7020811,-104.9710337,513361.93157792574,,,True
Washington Park,2010,39.7020811,-104.9710337,499346.44382125983,,,True
Washington Park,2011,39.7020811,-104.9710337,486727.770512668,,,True
Washington Park,2012,39.7020811,-104.9710337,516602.18636901816,,,True
Washington Park,2013,39.7020811,-104.9710337,567564.7329569953,,,True
Washington Park,2014,39.7020811,-104.9710337,608104.2294577817,,,True
Washington Park,2015,39.7020811,-104.9710337,674696.8651973108,,,True
Washington Park,2016,39.7020811,-104.9710337,722228.1826939374,,,True
Washington Park,2017,39.7020811,-104.9710337,761814.0915314701,,,True
Washington Park,2018,39.7020811,-104.9710337,809595.3071104988,,,True
Washington Park,2019,39.7020811,-104.9710337,860349.1011435855,,,True
Washington Park,2020,39.7020811,-104.9710337,914492.2675488499,,,True
Washington Park,2021,39.7020811,-104.9710337,1017817.1202059002,,,True
Washington Park,2022,39.7020811,-104.9710337,1192282.57050428,,,True
Washington Park,2023,39.7020811,-104.9710337,1189444.8192808982,,,True
Washington Park,2024,39.7020811,-104.9710337,1201571.132612931,1055414.0,887473.0,False
Washington Park,2025,39.7020811,-104.9710337,1218463.6639340515,1095422.0,907428.0,False
Washington Park,2026,39.7020811,-104.9710337,,1135430.0,928211.0,False
Washington Park,2027,39.7020811,-104.9710337,,1175438.0,950459.0,False
Washington Park,2028,39.7020811,-104.9710337,,1215500.0,973474.0,False
Washington Park,2029,39.7020811,-104.9710337,,1255883.0,998033.0,False
Washington Park,2030,39.7020811,-104.9710337,,1296352.0,1023432.0,False
Washington Park,2031,39.7020811,-104.9710337,,1336822.0,1050873.0,False
Washington Park,2032,39.7020811,-104.9710337,,1377444.0,1081253.0,False
Washington Park,2033,39.7020811,-104.9710337,,1418249.0,1113958.0,False
Washington Park,2034,39.7020811,-104.9710337,,1459108.0,1148535.0,False
Washington Park,2035,39.7020811,-104.9710337,,1499968.0,1184188.0,False
Washington Park West,2000,39.7197735,-104.9841433,278306.0600883966,,,True
Washington Park West,2001,39.7197735,-104.9841433,316476.30328077986,,,True
Washington Park West,2002,39.7197735,-104.9841433,331768.4789488536,,,True
Washington Park West,2003,39.7197735,-104.9841433,336634.7074670832,,,True
Washington Park West,2004,39.7197735,-104.9841433,347705.39834193845,,,True
Washington Park West,2005,39.7197735,-104.9841433,371316.66371988197,,,True
Washington Park West,2006,39.7197735,-104.9841433,393801.83909343975,,,True
Washington Park West,2007,39.7197735,-104.9841433,402285.0615409641,,,True
Washington Park West,2008,39.7197735,-104.9841433,393905.1001471453,,,True
Washington Park West,2009,39.7197735,-104.9841433,382027.55602203024,,,True
Washington Park West,2010,39.7197735,-104.9841433,380420.89458825433,,,True
Washington Park West,2011,39.7197735,-104.9841433,375005.89082396496,,,True
Washington Park West,2012,39.7197735,-104.9841433,394317.4115837565,,,True
Washington Park West,2013,39.7197735,-104.9841433,441801.85604064906,,,True
Washington Park West,2014,39.7197735,-104.9841433,475042.7109352916,,,True
Washington Park West,2015,39.7197735,-104.9841433,524591.2832993284,,,True
Washington Park West,2016,39.7197735,-104.9841433,563613.2432841881,,,True
Washington Park West,2017,39.7197735,-104.9841433,598653.2009591028,,,True
Washington Park West,2018,39.7197735,-104.9841433,638301.1309323417,,,True
Washington Park West,2019,39.7197735,-104.9841433,664688.95411985,,,True
Washington Park West,2020,39.7197735,-104.9841433,696642.8378735569,,,True
Washington Park West,2021,39.7197735,-104.9841433,782462.4895510139,,,True
Washington Park West,2022,39.7197735,-104.9841433,882235.0181249256,,,True
Washington Park West,2023,39.7197735,-104.9841433,862449.7956837643,,,True
Washington Park West,2024,39.7197735,-104.9841433,870501.4364312976,853358.0,778804.0,False
Washington Park West,2025,39.7197735,-104.9841433,870188.0950010314,892729.0,803442.0,False
Washington Park West,2026,39.7197735,-104.9841433,,932425.0,828812.0,False
Washington Park West,2027,39.7197735,-104.9841433,,972154.0,856337.0,False
Washington Park West,2028,39.7197735,-104.9841433,,1012028.0,886548.0,False
Washington Park West,2029,39.7197735,-104.9841433,,1052490.0,919136.0,False
Washington Park West,2030,39.7197735,-104.9841433,,1093040.0,953478.0,False
Washington Park West,2031,39.7197735,-104.9841433,,1134066.0,988940.0,False
Washington Park West,2032,39.7197735,-104.9841433,,1175307.0,1024635.0,False
Washington Park West,2033,39.7197735,-104.9841433,,1216738.0,1060434.0,False
Washington Park West,2034,39.7197735,-104.9841433,,1258242.0,1096434.0,False
Washington Park West,2035,39.7197735,-104.9841433,,1299861.0,1132435.0,False
Wellshire,2000,39.6605299,-104.9500913,334546.3724977156,,,True
Wellshire,2001,39.6605299,-104.9500913,379477.3410364113,,,True
Wellshire,2002,39.6605299,-104.9500913,408407.5839173224,,,True
Wellshire,2003,39.6605299,-104.9500913,413805.4218254205,,,True
Wellshire,2004,39.6605299,-104.9500913,416019.51195666165,,,True
Wellshire,2005,39.6605299,-104.9500913,448879.70826915186,,,True
Wellshire,2006,39.6605299,-104.9500913,470459.81989947363,,,True
Wellshire,2007,39.6605299,-104.9500913,479610.4178629264,,,True
Wellshire,2008,39.6605299,-104.9500913,478372.00644563005,,,True
Wellshire,2009,39.6605299,-104.9500913,459811.6847457182,,,True
Wellshire,2010,39.6605299,-104.9500913,447827.1283539688,,,True
Wellshire,2011,39.6605299,-104.9500913,438842.76461457385,,,True
Wellshire,2012,39.6605299,-104.9500913,455943.61888739205,,,True
Wellshire,2013,39.6605299,-104.9500913,502973.5927657492,,,True
Wellshire,2014,39.6605299,-104.9500913,549566.8694100942,,,True
Wellshire,2015,39.6605299,-104.9500913,606385.7697650485,,,True
Wellshire,2016,39.6605299,-104.9500913,648869.6816970657,,,True
Wellshire,2017,39.6605299,-104.9500913,684241.1305099443,,,True
Wellshire,2018,39.6605299,-104.9500913,725480.0895288383,,,True
Wellshire,2019,39.6605299,-104.9500913,768513.9483139967,,,True
Wellshire,2020,39.6605299,-104.9500913,822395.3588567436,,,True
Wellshire,2021,39.6605299,-104.9500913,929058.7106902607,,,True
Wellshire,2022,39.6605299,-104.9500913,1086263.088109982,,,True
Wellshire,2023,39.6605299,-104.9500913,1099427.168200205,,,True
Wellshire,2024,39.6605299,-104.9500913,1124697.5965880593,986382.0,880153.0,False
Wellshire,2025,39.6605299,-104.9500913,1137442.3623443032,1025881.0,905918.0,False
Wellshire,2026,39.6605299,-104.9500913,,1065653.0,933833.0,False
Wellshire,2027,39.6605299,-104.9500913,,1105476.0,963940.0,False
Wellshire,2028,39.6605299,-104.9500913,,1145486.0,996463.0,False
Wellshire,2029,39.6605299,-104.9500913,,1185762.0,1031223.0,False
Wellshire,2030,39.6605299,-104.9500913,,1226036.0,1066747.0,False
Wellshire,2031,39.6605299,-104.9500913,,1266311.0,1102682.0,False
Wellshire,2032,39.6605299,-104.9500913,,1306821.0,1138684.0,False
Wellshire,2033,39.6605299,-104.9500913,,1347568.0,1174684.0,False
Wellshire,2034,39.6605299,-104.9500913,,1388438.0,1210685.0,False
Wellshire,2035,39.6605299,-104.9500913,,1429408.0,1246686.0,False
West Colfax,2000,39.7400933,-105.0392024,152859.19983415646,,,True
West Colfax,2001,39.7400933,-105.0392024,177499.10773306235,,,True
West Colfax,2002,39.7400933,-105.0392024,192759.55794297144,,,True
West Colfax,2003,39.7400933,-105.0392024,199989.8556102462,,,True
West Colfax,2004,39.7400933,-105.0392024,204628.19441039077,,,True
West Colfax,2005,39.7400933,-105.0392024,206722.13822008573,,,True
West Colfax,2006,39.7400933,-105.0392024,211231.9584706845,,,True
West Colfax,2007,39.7400933,-105.0392024,206363.54910734933,,,True
West Colfax,2008,39.7400933,-105.0392024,199138.1814482739,,,True
West Colfax,2009,39.7400933,-105.0392024,193995.34980621372,,,True
West Colfax,2010,39.7400933,-105.0392024,202983.0825114184,,,True
West Colfax,2011,39.7400933,-105.0392024,195804.1170416062,,,True
West Colfax,2012,39.7400933,-105.0392024,211675.4620504383,,,True
West Colfax,2013,39.7400933,-105.0392024,242292.95697063243,,,True
West Colfax,2014,39.7400933,-105.0392024,278195.5861007084,,,True
West Colfax,2015,39.7400933,-105.0392024,348197.7205664969,,,True
West Colfax,2016,39.7400933,-105.0392024,405490.1857663788,,,True
West Colfax,2017,39.7400933,-105.0392024,447759.54743526183,,,True
West Colfax,2018,39.7400933,-105.0392024,488246.5040475503,,,True
West Colfax,2019,39.7400933,-105.0392024,521999.3033672114,,,True
West Colfax,2020,39.7400933,-105.0392024,552310.7340423417,,,True
West Colfax,2021,39.7400933,-105.0392024,627302.7940762619,,,True
West Colfax,2022,39.7400933,-105.0392024,718245.520930787,,,True
West Colfax,2023,39.7400933,-105.0392024,692065.6608337475,,,True
West Colfax,2024,39.7400933,-105.0392024,683301.1446973548,689059.0,570259.0,False
West Colfax,2025,39.7400933,-105.0392024,670108.7946441548,729740.0,592017.0,False
West Colfax,2026,39.7400933,-105.0392024,,770584.0,615438.0,False
West Colfax,2027,39.7400933,-105.0392024,,811473.0,640802.0,False
West Colfax,2028,39.7400933,-105.0392024,,852363.0,668872.0,False
West Colfax,2029,39.7400933,-105.0392024,,893252.0,698816.0,False
West Colfax,2030,39.7400933,-105.0392024,,934142.0,731179.0,False
West Colfax,2031,39.7400933,-105.0392024,,975371.0,765485.0,False
West Colfax,2032,39.7400933,-105.0392024,,1016863.0,801117.0,False
West Colfax,2033,39.7400933,-105.0392024,,1058354.0,837118.0,False
West Colfax,2034,39.7400933,-105.0392024,,1099901.0,873119.0,False
West Colfax,2035,39.7400933,-105.0392024,,1141870.0,909120.0,False
West Highland,2000,39.7644656,-105.039271,224155.4465244284,,,True
West Highland,2001,39.7644656,-105.039271,263110.01843277254,,,True
West Highland,2002,39.7644656,-105.039271,279236.2077651028,,,True
West Highland,2003,39.7644656,-105.039271,282905.1685491334,,,True
West Highland,2004,39.7644656,-105.039271,287317.08177301724,,,True
West Highland,2005,39.7644656,-105.039271,304304.6958953365,,,True
West Highland,2006,39.7644656,-105.039271,318581.88160311093,,,True
West Highland,2007,39.7644656,-105.039271,329017.4309642303,,,True
West Highland,2008,39.7644656,-105.039271,327967.9831780893,,,True
West Highland,2009,39.7644656,-105.039271,326915.5167140875,,,True
West Highland,2010,39.7644656,-105.039271,333636.2879377333,,,True
West Highland,2011,39.7644656,-105.039271,328852.28563683666,,,True
West Highland,2012,39.7644656,-105.039271,341087.96877187054,,,True
West Highland,2013,39.7644656,-105.039271,381671.07010309765,,,True
West Highland,2014,39.7644656,-105.039271,414787.20419185585,,,True
West Highland,2015,39.7644656,-105.039271,464278.53751081,,,True
West Highland,2016,39.7644656,-105.039271,502293.5776052095,,,True
West Highland,2017,39.7644656,-105.039271,538036.0996965779,,,True
West Highland,2018,39.7644656,-105.039271,574774.0942569847,,,True
West Highland,2019,39.7644656,-105.039271,601689.6680485697,,,True
West Highland,2020,39.7644656,-105.039271,638676.4896086981,,,True
West Highland,2021,39.7644656,-105.039271,725037.0235815984,,,True
West Highland,2022,39.7644656,-105.039271,821612.2086814818,,,True
West Highland,2023,39.7644656,-105.039271,803990.5076279143,,,True
West Highland,2024,39.7644656,-105.039271,803055.7783303704,781753.0,677656.0,False
West Highland,2025,39.7644656,-105.039271,795268.3857673791,820615.0,698227.0,False
West Highland,2026,39.7644656,-105.039271,,859691.0,720191.0,False
West Highland,2027,39.7644656,-105.039271,,899174.0,743296.0,False
West Highland,2028,39.7644656,-105.039271,,938891.0,768276.0,False
West Highland,2029,39.7644656,-105.039271,,978726.0,794105.0,False
West Highland,2030,39.7644656,-105.039271,,1018830.0,820711.0,False
West Highland,2031,39.7644656,-105.039271,,1059622.0,848917.0,False
West Highland,2032,39.7644656,-105.039271,,1100568.0,879338.0,False
West Highland,2033,39.7644656,-105.039271,,1141749.0,911780.0,False
West Highland,2034,39.7644656,-105.039271,,1183168.0,945677.0,False
West Highland,2035,39.7644656,-105.039271,,1224992.0,980685.0,False
Westwood,2000,39.7041929,-105.0391743,98131.1822479866,,,True
Westwood,2001,39.7041929,-105.0391743,113849.60436261451,,,True
Westwood,2002,39.7041929,-105.0391743,122900.53594301589,,,True
Westwood,2003,39.7041929,-105.0391743,126229.84274859936,,,True
Westwood,2004,39.7041929,-105.0391743,127411.55737697154,,,True
Westwood,2005,39.7041929,-105.0391743,127681.01657142228,,,True
Westwood,2006,39.7041929,-105.0391743,127307.33670824149,,,True
Westwood,2007,39.7041929,-105.0391743,122191.18225153483,,,True
Westwood,2008,39.7041929,-105.0391743,102956.34954593291,,,True
Westwood,2009,39.7041929,-105.0391743,92635.0020762655,,,True
Westwood,2010,39.7041929,-105.0391743,95439.10057846928,,,True
Westwood,2011,39.7041929,-105.0391743,91320.35365843459,,,True
Westwood,2012,39.7041929,-105.0391743,97543.0592062965,,,True
Westwood,2013,39.7041929,-105.0391743,117974.08015135601,,,True
Westwood,2014,39.7041929,-105.0391743,138204.04040216067,,,True
Westwood,2015,39.7041929,-105.0391743,169065.04327655464,,,True
Westwood,2016,39.7041929,-105.0391743,206441.56683017247,,,True
Westwood,2017,39.7041929,-105.0391743,237422.56662558788,,,True
Westwood,2018,39.7041929,-105.0391743,266765.9675141726,,,True
Westwood,2019,39.7041929,-105.0391743,286201.2642281695,,,True
Westwood,2020,39.7041929,-105.0391743,302407.8635156653,,,True
Westwood,2021,39.7041929,-105.0391743,344197.89936882927,,,True
Westwood,2022,39.7041929,-105.0391743,387229.7843918758,,,True
Westwood,2023,39.7041929,-105.0391743,381397.61402755906,,,True
Westwood,2024,39.7041929,-105.0391743,382660.4735666966,415534.0,364929.0,False
Westwood,2025,39.7041929,-105.0391743,376626.67004306056,449109.0,383231.0,False
Westwood,2026,39.7041929,-105.0391743,,486395.0,402605.0,False
Westwood,2027,39.7041929,-105.0391743,,526261.0,423429.0,False
Westwood,2028,39.7041929,-105.0391743,,566574.0,445741.0,False
Westwood,2029,39.7041929,-105.0391743,,607431.0,469697.0,False
Westwood,2030,39.7041929,-105.0391743,,648353.0,494960.0,False
Westwood,2031,39.7041929,-105.0391743,,689398.0,521097.0,False
Westwood,2032,39.7041929,-105.0391743,,730655.0,549321.0,False
Westwood,2033,39.7041929,-105.0391743,,771916.0,579546.0,False
Westwood,2034,39.7041929,-105.0391743,,813259.0,612391.0,False
Westwood,2035,39.7041929,-105.0391743,,854658.0,646547.0,False
Whittier,2000,39.756363,-104.9665584,173756.12610768047,,,True
Whittier,2001,39.756363,-104.9665584,206220.0873293511,,,True
Whittier,2002,39.756363,-104.9665584,228992.6879359612,,,True
Whittier,2003,39.756363,-104.9665584,231258.41674088067,,,True
Whittier,2004,39.756363,-104.9665584,240980.02762134952,,,True
Whittier,2005,39.756363,-104.9665584,254810.5464848138,,,True
Whittier,2006,39.756363,-104.9665584,266797.83210741536,,,True
Whittier,2007,39.756363,-104.9665584,272079.1344358648,,,True
Whittier,2008,39.756363,-104.9665584,264170.0043322991,,,True
Whittier,2009,39.756363,-104.9665584,260509.94430815522,,,True
Whittier,2010,39.756363,-104.9665584,257626.10728003064,,,True
Whittier,2011,39.756363,-104.9665584,251048.02454923218,,,True
Whittier,2012,39.756363,-104.9665584,256316.03726280993,,,True
Whittier,2013,39.756363,-104.9665584,295141.6279028994,,,True
Whittier,2014,39.756363,-104.9665584,335171.51858487003,,,True
Whittier,2015,39.756363,-104.9665584,392288.9038509874,,,True
Whittier,2016,39.756363,-104.9665584,434579.08656532434,,,True
Whittier,2017,39.756363,-104.9665584,468286.07508841204,,,True
Whittier,2018,39.756363,-104.9665584,504368.15011156513,,,True
Whittier,2019,39.756363,-104.9665584,529138.1473560871,,,True
Whittier,2020,39.756363,-104.9665584,555173.9308054688,,,True
Whittier,2021,39.756363,-104.9665584,631036.6488093424,,,True
Whittier,2022,39.756363,-104.9665584,702986.2626065258,,,True
Whittier,2023,39.756363,-104.9665584,685235.0544492666,,,True
Whittier,2024,39.756363,-104.9665584,678584.2456168787,689449.0,576097.0,False
Whittier,2025,39.756363,-104.9665584,668692.4549014885,727533.0,595511.0,False
Whittier,2026,39.756363,-104.9665584,,767393.0,616756.0,False
Whittier,2027,39.756363,-104.9665584,,807387.0,639540.0,False
Whittier,2028,39.756363,-104.9665584,,847525.0,663732.0,False
Whittier,2029,39.756363,-104.9665584,,887662.0,690278.0,False
Whittier,2030,39.756363,-104.9665584,,927800.0,719832.0,False
Whittier,2031,39.756363,-104.9665584,,968313.0,753016.0,False
Whittier,2032,39.756363,-104.9665584,,1009204.0,788173.0,False
Whittier,2033,39.756363,-104.9665584,,1050479.0,824174.0,False
Whittier,2034,39.756363,-104.9665584,,1091759.0,860175.0,False
Whittier,2035,39.756363,-104.9665584,,1133137.0,896176.0,False
